Workbook
Name _Toc179363803: #REF!
Name _Toc179363803: #REF!
Name _Toc224162412: #REF!
Name _Toc224162412: #REF!
Name 选中400: #REF!
Name 选中401: #REF!
Name 选中402: #REF!
Name 选中403: #REF!

Sheet 配方
A1: Modules/模块 | B1: Tech/工艺 | C1: Equipment/设备 | D1: Synthesis reactor/合成釜 | E1: Recipe parameter/配方参数 | F1: 氮气鼓泡 | G1: 搅拌 | H1: 保温 | I1: Activation tank/激活罐 | J1: Recipe parameter/配方参数 | K1: 搅拌 | L1: 保温 | M1: Time/次数 | N1: 配方物料名称 | O1: 配方投料量/kg | P1: 配方中误差值/kg | Q1: 辅助查询列 | R1: MOR 投料表 | S1: MOR投料表误差 | T1: 操作 | U1: 比对 | V1: 误差差值
A2: 3.0 Pre-treatment 预处理 | F2: =IFERROR(IF(FIND("开",F1,1),"开","关"),"关") -> 关 | G2: =IFERROR(IF(FIND("开",G1,1),"开","关"),"关") -> 关 | H2: =IFERROR(IF(FIND("开",H1,1),"开","关"),"关") -> 关 | K2: =IFERROR(IF(FIND("开",K1,1),"开","关"),"关") -> 关 | L2: =IFERROR(IF(FIND("开",L1,1),"开","关"),"关") -> 关 | T2: =IF(ISBLANK(A2),T1,LEFT(A2,FIND(" ",A2,1)-1)) -> 3.0
A3: 3.0(1) Water content/测水分 | B3: Add 369.85kg DMF（5.69W,6.0Vol）by spray balls into activation tank TJ4S-1213-Sy16-R01.Start the agitator of activation tank to 115±5 rpm (target: 115 rpm). Stir for 10min±5min (target: 10min). Then transfer the solution into synthesis reactor TJ4S-1213-Sy16. Confirm complete transfer. Turn on the nitrogen of synthesis reactor to 8.5±4m³/h (target: 8.5 m³/h). Start the agitator of synthesis reactor to 20±10rpm (target: 20 rpm). Stir for 10min±5min (target: 10min). Stop the stirring and turn off the nitrogen. Sample the draining solution for water content analysis.Start draining the solution from synthesis reactor with diaphramp pump. Drain until there is no drip, the operator visually confirms the draining end point.If KF≤500ppm, move to next operation. If KF>500 ppm, repeat Module 3.0 until KF≤500 ppm. 通过淋洗球向激活罐TJ4S-1213-Sy16-R01中加入369.85kg N,N-二甲基甲酰胺（5.69W,6.0Vol）（Acceptable weighing range/可接受称量范围：347.66kg~392.04kg），开启激活罐搅拌转速至115±5 rpm (目标转速: 115 rpm)。搅拌10min±5min（目标时间:10min）后，转移至固相合成釜TJ4S-1213-Sy16.中。开启合成釜下口鼓氮气，氮气流速开至8.5±4m³/h (目标流速: 8.5 m³/h)，开启固相合成釜搅拌转速至20±10 rpm (目标转速: 20 rpm)，搅拌10min±5min（目标时间:10min）后，停止搅拌，关闭氮气，取样检测体系KF，通过隔膜泵从合成釜中排出溶液。排液至无液体滴出，由操作人员目视确认排液终点。若含水≤500ppm，则进行下一操作；若含水＞500ppm，则重复进行模块3.0直至含水≤500ppm | C3: Activation tank/激活罐 | F3: =IFERROR(IF(FIND("开",F2,1),"开","关"),"关") -> 关 | G3: =IFERROR(IF(FIND("开",G2,1),"开","关"),"关") -> 关 | H3: =IFERROR(IF(FIND("开",H2,1),"开","关"),"关") -> 关 | I3: Rinse DMF_AT/DMF喷淋 | J3: [0min]Line-》DMF-Rinse->activation tank, weight setting: 369.85kg [0min] 线路-》DMF-喷淋->激活罐, 打料量：369.85kg | K3: =IFERROR(IF(FIND("开",K2,1),"开","关"),"关") -> 关 | L3: =IFERROR(IF(FIND("开",L2,1),"开","关"),"关") -> 关 | M3: 1 | N3: DMF | O3: =MID(J3,FIND("setting",J3,1)+8,FIND("kg",J3,1)-FIND("setting",J3,1)-8) -> 369.85 | Q3: =SUBSTITUTE(T3&N3," ","") -> 3DMF | R3: =VLOOKUP(Q3,MOR投料表!A:L,9,FALSE) -> 369.85 | T3: 3 | U3: =TEXT(O3,"0.00")=TEXT(R3,"0.00") -> TRUE
C4: Activation tank/激活罐 | F4: =IFERROR(IF(FIND("开",F3,1),"开","关"),"关") -> 关 | G4: =IFERROR(IF(FIND("开",G3,1),"开","关"),"关") -> 关 | H4: =IFERROR(IF(FIND("开",H3,1),"开","关"),"关") -> 关 | I4: Nitrogen_DMF/氮气吹扫-DMF喷淋 | J4: [0min]Line-》DMF Rinse-Nitrogen purge->activation tank, time setting: 0.1min [0min] 线路-》DMF-喷淋-氮气吹扫->激活罐, 打料时间：0.1min | K4: =IFERROR(IF(FIND("开",K3,1),"开","关"),"关") -> 关 | L4: =IFERROR(IF(FIND("开",L3,1),"开","关"),"关") -> 关 | T4: =IF(ISBLANK(A4),T3,LEFT(A4,FIND(" ",A4,1)-1)) -> 3
C5: Activation tank/激活罐 | F5: =IFERROR(IF(FIND("开",F4,1),"开","关"),"关") -> 关 | G5: =IFERROR(IF(FIND("开",G4,1),"开","关"),"关") -> 关 | H5: =IFERROR(IF(FIND("开",H4,1),"开","关"),"关") -> 关 | I5: Stir_AT/搅拌 | J5: [0min]activation tank agitator-》Speed setting: 115r/min, time setting: 10min [0min] 激活罐搅拌机-》转速：115r/min, 执行10min | K5: 时间控制 | L5: =IFERROR(IF(FIND("开",L4,1),"开","关"),"关") -> 关 | T5: =IF(ISBLANK(A5),T4,LEFT(A5,FIND(" ",A5,1)-1)) -> 3
C6: Synchronization/同步 | D6: Transfer AT_SR/转移 | E6: [0min]Line-》activation tank->synthesis reactor, according to human judgment. [0min] 线路-》激活罐->合成釜（人工判定）, 人工判定！, | F6: =IFERROR(IF(FIND("开",F5,1),"开","关"),"关") -> 关 | G6: =IFERROR(IF(FIND("开",G5,1),"开","关"),"关") -> 关 | H6: =IFERROR(IF(FIND("开",H5,1),"开","关"),"关") -> 关 | K6: =IFERROR(IF(FIND("开",K5,1),"开","关"),"关") -> 关 | L6: =IFERROR(IF(FIND("开",L5,1),"开","关"),"关") -> 关 | T6: =IF(ISBLANK(A6),T5,LEFT(A6,FIND(" ",A6,1)-1)) -> 3
C7: Synchronization/同步 | D7: Nitrogen_Transfer AT_SR/转移吹扫 | E7: [0min]Line-》Nitrogen purge for activation tank->synthesis reactor, time setting: 1min [0min] 线路-》激活罐-氮气吹扫->合成釜, 打料时间：1min | F7: =IFERROR(IF(FIND("开",F6,1),"开","关"),"关") -> 关 | G7: =IFERROR(IF(FIND("开",G6,1),"开","关"),"关") -> 关 | H7: =IFERROR(IF(FIND("开",H6,1),"开","关"),"关") -> 关 | K7: =IFERROR(IF(FIND("开",K6,1),"开","关"),"关") -> 关 | L7: =IFERROR(IF(FIND("开",L6,1),"开","关"),"关") -> 关 | T7: =IF(ISBLANK(A7),T6,LEFT(A7,FIND(" ",A7,1)-1)) -> 3
C8: Synthesis reactor/合成釜 | D8: Bubble_SR_On/氮气鼓泡开 | E8: [0min]Nitrogen bubbling -》Flow setting: 8.5m³/h, positive pressure, pressure setting: 0.005MPa, start-up [0min] 鼓氮气-》流量:8.5m³/h, 正压, 设定压力0.005Mpa,启动 | F8: 打开 | G8: =IFERROR(IF(FIND("开",G7,1),"开","关"),"关") -> 关 | H8: =IFERROR(IF(FIND("开",H7,1),"开","关"),"关") -> 关 | K8: =IFERROR(IF(FIND("开",K7,1),"开","关"),"关") -> 关 | L8: =IFERROR(IF(FIND("开",L7,1),"开","关"),"关") -> 关 | T8: =IF(ISBLANK(A8),T7,LEFT(A8,FIND(" ",A8,1)-1)) -> 3
C9: Synthesis reactor/合成釜 | D9: Stir_SR/搅拌 | E9: [0min]synthesis reactor agitator-》Speed setting: 20r/min, time setting: 10min [0min] 合成釜搅拌机-》转速：20r/min, 执行10min | F9: =IFERROR(IF(FIND("开",F8,1),"开","关"),"关") -> 开 | G9: 时间控制 | H9: =IFERROR(IF(FIND("开",H8,1),"开","关"),"关") -> 关 | K9: =IFERROR(IF(FIND("开",K8,1),"开","关"),"关") -> 关 | L9: =IFERROR(IF(FIND("开",L8,1),"开","关"),"关") -> 关 | T9: =IF(ISBLANK(A9),T8,LEFT(A9,FIND(" ",A9,1)-1)) -> 3
C10: Synthesis reactor/合成釜 | D10: Bubble_SR_Off/氮气鼓泡关 | E10: [0min]Nitrogen bubbling -》Flow setting: 8.5m³/h, positive pressure, pressure setting: 0.005MPa, shutdown [0min] 鼓氮气-》流量:8.5m³/h, 正压, 设定压力0.005Mpa,停止 | F10: 关闭 | G10: =IFERROR(IF(FIND("开",G9,1),"开","关"),"关") -> 关 | H10: =IFERROR(IF(FIND("开",H9,1),"开","关"),"关") -> 关 | K10: =IFERROR(IF(FIND("开",K9,1),"开","关"),"关") -> 关 | L10: =IFERROR(IF(FIND("开",L9,1),"开","关"),"关") -> 关 | T10: =IF(ISBLANK(A10),T9,LEFT(A10,FIND(" ",A10,1)-1)) -> 3
C11: Synthesis reactor/合成釜 | D11: Pause_SR/暂停-取样 | E11: Pause:Execution type : Parallel-synthesis reactor 暂停-》 控制类型：并行-合成釜 | F11: =IFERROR(IF(FIND("开",F10,1),"开","关"),"关") -> 关 | G11: =IFERROR(IF(FIND("开",G10,1),"开","关"),"关") -> 关 | H11: =IFERROR(IF(FIND("开",H10,1),"开","关"),"关") -> 关 | K11: =IFERROR(IF(FIND("开",K10,1),"开","关"),"关") -> 关 | L11: =IFERROR(IF(FIND("开",L10,1),"开","关"),"关") -> 关 | T11: =IF(ISBLANK(A11),T10,LEFT(A11,FIND(" ",A11,1)-1)) -> 3
C12: Synthesis reactor/合成釜 | D12: Drain_SR_Waste/排废 | E12: [0min]Line-》synthesis reactor->waste tank（1）, according to human judgement. [0min] 线路-》合成釜->废液罐（氨基酸活化后溶液&洗脱_人工判定）,人工判定！, | F12: =IFERROR(IF(FIND("开",F11,1),"开","关"),"关") -> 关 | G12: =IFERROR(IF(FIND("开",G11,1),"开","关"),"关") -> 关 | H12: =IFERROR(IF(FIND("开",H11,1),"开","关"),"关") -> 关 | K12: =IFERROR(IF(FIND("开",K11,1),"开","关"),"关") -> 关 | L12: =IFERROR(IF(FIND("开",L11,1),"开","关"),"关") -> 关 | T12: =IF(ISBLANK(A12),T11,LEFT(A12,FIND(" ",A12,1)-1)) -> 3
A13: ☐3.0 Pre-treatment 预处理 | F13: =IFERROR(IF(FIND("开",F12,1),"开","关"),"关") -> 关 | G13: =IFERROR(IF(FIND("开",G12,1),"开","关"),"关") -> 关 | H13: =IFERROR(IF(FIND("开",H12,1),"开","关"),"关") -> 关 | K13: =IFERROR(IF(FIND("开",K12,1),"开","关"),"关") -> 关 | L13: =IFERROR(IF(FIND("开",L12,1),"开","关"),"关") -> 关 | T13: =IF(ISBLANK(A13),T12,LEFT(A13,FIND(" ",A13,1)-1)) -> ☐3.0
A14: 3.0(2) Water content/测水分 | B14: Add 369.85kg DMF（5.69W,6.0Vol）by spray balls into activation tank TJ4S-1213-Sy16-R01.Start the agitator of activation tank to 115±5 rpm (target: 115 rpm). Stir for 10min±5min (target: 10min). Then transfer the solution into synthesis reactor TJ4S-1213-Sy16. Confirm complete transfer. Turn on the nitrogen of synthesis reactor to 8.5±4m³/h (target: 8.5 m³/h). Start the agitator of synthesis reactor to 20±10rpm (target: 20 rpm). Stir for 10min±5min (target: 10min). Stop the stirring and turn off the nitrogen. Sample the draining solution for water content analysis.Start draining the solution from synthesis reactor with diaphramp pump. Drain until there is no drip, the operator visually confirms the draining end point.If KF≤500ppm, move to next operation. If KF>500 ppm, repeat Module 3.0 until KF≤500 ppm. 通过淋洗球向激活罐TJ4S-1213-Sy16-R01中加入369.85kg N,N-二甲基甲酰胺（5.69W,6.0Vol）（Acceptable weighing range/可接受称量范围：347.66kg~392.04kg），开启激活罐搅拌转速至115±5 rpm (目标转速: 115 rpm)。搅拌10min±5min（目标时间:10min）后，转移至固相合成釜TJ4S-1213-Sy16.中。开启合成釜下口鼓氮气，氮气流速开至8.5±4m³/h (目标流速: 8.5 m³/h)，开启固相合成釜搅拌转速至20±10 rpm (目标转速: 20 rpm)，搅拌10min±5min（目标时间:10min）后，停止搅拌，关闭氮气，取样检测体系KF，通过隔膜泵从合成釜中排出溶液。排液至无液体滴出，由操作人员目视确认排液终点。若含水≤500ppm，则进行下一操作；若含水＞500ppm，则重复进行模块3.0直至含水≤500ppm | C14: Activation tank/激活罐 | F14: =IFERROR(IF(FIND("开",F13,1),"开","关"),"关") -> 关 | G14: =IFERROR(IF(FIND("开",G13,1),"开","关"),"关") -> 关 | H14: =IFERROR(IF(FIND("开",H13,1),"开","关"),"关") -> 关 | I14: Rinse DMF_AT/DMF喷淋 | J14: [0min]Line-》DMF-Rinse->activation tank, weight setting: 369.85kg [0min] 线路-》DMF-喷淋->激活罐, 打料量：369.85kg | K14: =IFERROR(IF(FIND("开",K13,1),"开","关"),"关") -> 关 | L14: =IFERROR(IF(FIND("开",L13,1),"开","关"),"关") -> 关 | M14: 1 | N14: DMF | O14: =MID(J14,FIND("setting",J14,1)+8,FIND("kg",J14,1)-FIND("setting",J14,1)-8) -> 369.85 | Q14: =SUBSTITUTE(T14&N14," ","") -> 3DMF | R14: =VLOOKUP(Q14,MOR投料表!A:L,9,FALSE) -> 369.85 | T14: 3 | U14: =TEXT(O14,"0.00")=TEXT(R14,"0.00") -> TRUE
C15: Activation tank/激活罐 | F15: =IFERROR(IF(FIND("开",F14,1),"开","关"),"关") -> 关 | G15: =IFERROR(IF(FIND("开",G14,1),"开","关"),"关") -> 关 | H15: =IFERROR(IF(FIND("开",H14,1),"开","关"),"关") -> 关 | I15: Nitrogen_DMF/氮气吹扫-DMF喷淋 | J15: [0min]Line-》DMF Rinse-Nitrogen purge->activation tank, time setting: 0.1min [0min] 线路-》DMF-喷淋-氮气吹扫->激活罐, 打料时间：0.1min | K15: =IFERROR(IF(FIND("开",K14,1),"开","关"),"关") -> 关 | L15: =IFERROR(IF(FIND("开",L14,1),"开","关"),"关") -> 关 | T15: =IF(ISBLANK(A15),T14,LEFT(A15,FIND(" ",A15,1)-1)) -> 3
C16: Activation tank/激活罐 | F16: =IFERROR(IF(FIND("开",F15,1),"开","关"),"关") -> 关 | G16: =IFERROR(IF(FIND("开",G15,1),"开","关"),"关") -> 关 | H16: =IFERROR(IF(FIND("开",H15,1),"开","关"),"关") -> 关 | I16: Stir_AT/搅拌 | J16: [0min]activation tank agitator-》Speed setting: 115r/min, time setting: 10min [0min] 激活罐搅拌机-》转速：115r/min, 执行10min | K16: 时间控制 | L16: =IFERROR(IF(FIND("开",L15,1),"开","关"),"关") -> 关 | T16: =IF(ISBLANK(A16),T15,LEFT(A16,FIND(" ",A16,1)-1)) -> 3
C17: Synchronization/同步 | D17: Transfer AT_SR/转移 | E17: [0min]Line-》activation tank->synthesis reactor, according to human judgment. [0min] 线路-》激活罐->合成釜（人工判定）, 人工判定！, | F17: =IFERROR(IF(FIND("开",F16,1),"开","关"),"关") -> 关 | G17: =IFERROR(IF(FIND("开",G16,1),"开","关"),"关") -> 关 | H17: =IFERROR(IF(FIND("开",H16,1),"开","关"),"关") -> 关 | K17: =IFERROR(IF(FIND("开",K16,1),"开","关"),"关") -> 关 | L17: =IFERROR(IF(FIND("开",L16,1),"开","关"),"关") -> 关 | T17: =IF(ISBLANK(A17),T16,LEFT(A17,FIND(" ",A17,1)-1)) -> 3
C18: Synchronization/同步 | D18: Nitrogen_Transfer AT_SR/转移吹扫 | E18: [0min]Line-》Nitrogen purge for activation tank->synthesis reactor, time setting: 1min [0min] 线路-》激活罐-氮气吹扫->合成釜, 打料时间：1min | F18: =IFERROR(IF(FIND("开",F17,1),"开","关"),"关") -> 关 | G18: =IFERROR(IF(FIND("开",G17,1),"开","关"),"关") -> 关 | H18: =IFERROR(IF(FIND("开",H17,1),"开","关"),"关") -> 关 | K18: =IFERROR(IF(FIND("开",K17,1),"开","关"),"关") -> 关 | L18: =IFERROR(IF(FIND("开",L17,1),"开","关"),"关") -> 关 | T18: =IF(ISBLANK(A18),T17,LEFT(A18,FIND(" ",A18,1)-1)) -> 3
C19: Synthesis reactor/合成釜 | D19: Bubble_SR_On/氮气鼓泡开 | E19: [0min]Nitrogen bubbling -》Flow setting: 8.5m³/h, positive pressure, pressure setting: 0.005MPa, start-up [0min] 鼓氮气-》流量:8.5m³/h, 正压, 设定压力0.005Mpa,启动 | F19: 打开 | G19: =IFERROR(IF(FIND("开",G18,1),"开","关"),"关") -> 关 | H19: =IFERROR(IF(FIND("开",H18,1),"开","关"),"关") -> 关 | K19: =IFERROR(IF(FIND("开",K18,1),"开","关"),"关") -> 关 | L19: =IFERROR(IF(FIND("开",L18,1),"开","关"),"关") -> 关 | T19: =IF(ISBLANK(A19),T18,LEFT(A19,FIND(" ",A19,1)-1)) -> 3
C20: Synthesis reactor/合成釜 | D20: Stir_SR/搅拌 | E20: [0min]synthesis reactor agitator-》Speed setting: 20r/min, time setting: 10min [0min] 合成釜搅拌机-》转速：20r/min, 执行10min | F20: =IFERROR(IF(FIND("开",F19,1),"开","关"),"关") -> 开 | G20: 时间控制 | H20: =IFERROR(IF(FIND("开",H19,1),"开","关"),"关") -> 关 | K20: =IFERROR(IF(FIND("开",K19,1),"开","关"),"关") -> 关 | L20: =IFERROR(IF(FIND("开",L19,1),"开","关"),"关") -> 关 | T20: =IF(ISBLANK(A20),T19,LEFT(A20,FIND(" ",A20,1)-1)) -> 3
C21: Synthesis reactor/合成釜 | D21: Bubble_SR_Off/氮气鼓泡关 | E21: [0min]Nitrogen bubbling -》Flow setting: 8.5m³/h, positive pressure, pressure setting: 0.005MPa, shutdown [0min] 鼓氮气-》流量:8.5m³/h, 正压, 设定压力0.005Mpa,停止 | F21: 关闭 | G21: =IFERROR(IF(FIND("开",G20,1),"开","关"),"关") -> 关 | H21: =IFERROR(IF(FIND("开",H20,1),"开","关"),"关") -> 关 | K21: =IFERROR(IF(FIND("开",K20,1),"开","关"),"关") -> 关 | L21: =IFERROR(IF(FIND("开",L20,1),"开","关"),"关") -> 关 | T21: =IF(ISBLANK(A21),T20,LEFT(A21,FIND(" ",A21,1)-1)) -> 3
C22: Synthesis reactor/合成釜 | D22: Pause_SR/暂停-取样 | E22: Pause:Execution type : Parallel-synthesis reactor 暂停-》 控制类型：并行-合成釜 | F22: =IFERROR(IF(FIND("开",F21,1),"开","关"),"关") -> 关 | G22: =IFERROR(IF(FIND("开",G21,1),"开","关"),"关") -> 关 | H22: =IFERROR(IF(FIND("开",H21,1),"开","关"),"关") -> 关 | K22: =IFERROR(IF(FIND("开",K21,1),"开","关"),"关") -> 关 | L22: =IFERROR(IF(FIND("开",L21,1),"开","关"),"关") -> 关 | T22: =IF(ISBLANK(A22),T21,LEFT(A22,FIND(" ",A22,1)-1)) -> 3
C23: Synthesis reactor/合成釜 | D23: Drain_SR_Waste/排废 | E23: [0min]Line-》synthesis reactor->waste tank（1）, according to human judgement. [0min] 线路-》合成釜->废液罐（氨基酸活化后溶液&洗脱_人工判定）,人工判定！, | F23: =IFERROR(IF(FIND("开",F22,1),"开","关"),"关") -> 关 | G23: =IFERROR(IF(FIND("开",G22,1),"开","关"),"关") -> 关 | H23: =IFERROR(IF(FIND("开",H22,1),"开","关"),"关") -> 关 | K23: =IFERROR(IF(FIND("开",K22,1),"开","关"),"关") -> 关 | L23: =IFERROR(IF(FIND("开",L22,1),"开","关"),"关") -> 关 | T23: =IF(ISBLANK(A23),T22,LEFT(A23,FIND(" ",A23,1)-1)) -> 3
A24: 3.1 to 3.4 （1）Fmoc-Gly-OH coupling 芴甲氧羰基-甘氨酸偶联 | F24: =IFERROR(IF(FIND("开",F23,1),"开","关"),"关") -> 关 | G24: =IFERROR(IF(FIND("开",G23,1),"开","关"),"关") -> 关 | H24: =IFERROR(IF(FIND("开",H23,1),"开","关"),"关") -> 关 | K24: =IFERROR(IF(FIND("开",K23,1),"开","关"),"关") -> 关 | L24: =IFERROR(IF(FIND("开",L23,1),"开","关"),"关") -> 关 | T24: =IF(ISBLANK(A24),T12,LEFT(A24,FIND(" ",A24,1)-1)) -> 3.1
A25: 3.1.1 to 3.1.5 Resin swelling/树脂溶胀 | B25: Adjust the synthesis reactor jacket temperature TJ4S-1213-Sy16 to 25±5℃ (target: 25℃). Add 65.00 kg 2-Chlorotrityl chloride resin (1.00eq) with powder feeding bags after dispensing. Rinse synthesis reactor (TJ4S-1213-Sy16) wall by spray balls with 492.70 kg (7.58W, 8.0Vol) DMF. Turn on the nitrogen of synthesis reactor to 8.5±4m³/h (target: 8.5 m³/h) .Bubble with nitrogen for 5±2min (target 5min). Then the agitator of synthesis reactor to 20±10rpm (target: 20 rpm). Adjust the internal temperature to 25±5℃ (target: 25℃). Continue stirring for 45±15min (target 45min) at 25±5℃ (target: 25℃), stop stirring, turn off the nitrogen. Start draining the solution from synthesis reactor with diaphramp pump. Drain until there is no drip, the operator visually confirms the draining end point. 将合成釜夹套调温至25±5℃ ( (目标温度：25℃) 。通过投料袋向合成釜 TJ4S-1213-Sy16中加入65.00kg 2-氯三苯甲基氯树脂（1.00eq）（Acceptable weighing range/可接受称量范围：64.87~65.13 kg）。通过淋洗球向合成釜（TJ4S-1213-Sy16）中加入492.70 kg（7.58W,8.0Vol）N,N-二甲基甲酰胺（Acceptable weighing range/可接受称量范围：463.14kg~522.26kg）。开启合成釜下口鼓氮气，氮气流速开至8.5±4m³/h (目标流速: 8.5 m³/h), 鼓氮气5±2min (目标时间：5min)后，开启固相合成釜搅拌转速至20±10 rpm (目标转速: 20 rpm)。将内温调温至25±5℃(目标温度：25℃)，控内温25±5℃(目标温度：25℃)，继续搅拌45±15min (目标时间：45min)后停止搅拌，关闭氮气，通过隔膜泵从合成釜中排出溶液。排液至无液体滴出，由操作人员目视确认排液终点。 | C25: Synthesis reactor/合成釜 | D25: JTR_SR_On/保温开 | E25: [0min]The jacket temperature of synthesis reactor-》Type: maintain, the jacket inlet temperature setting: 25℃, start-up [0min] 合成釜:控温-》类型：保温, 夹套进口温度设定值:25℃,启动 | F25: =IFERROR(IF(FIND("开",F24,1),"开","关"),"关") -> 关 | G25: =IFERROR(IF(FIND("开",G24,1),"开","关"),"关") -> 关 | H25: 打开 | K25: =IFERROR(IF(FIND("开",K24,1),"开","关"),"关") -> 关 | L25: =IFERROR(IF(FIND("开",L24,1),"开","关"),"关") -> 关 | M25: 1 | T25: =IF(ISBLANK(A25),T24,LEFT(A25,FIND(" ",A25,1)-1)) -> 3.1.1
C26: Activation tank/激活罐 | F26: =IFERROR(IF(FIND("开",F25,1),"开","关"),"关") -> 关 | G26: =IFERROR(IF(FIND("开",G25,1),"开","关"),"关") -> 关 | H26: =IFERROR(IF(FIND("开",H25,1),"开","关"),"关") -> 开 | I26: TCT_AT/温控计时 | J26: [0min]Temperature control timing of activation tank-》Temperature range setting: 0-30℃, time setting: 0.1min. Over-temperature warning L/H limit: 2/28℃ [0min] 激活罐:温控计时反应-》温度区间0-30℃环境下反应0.1min.预警下限/上限2/28℃ | K26: =IFERROR(IF(FIND("开",K25,1),"开","关"),"关") -> 关 | L26: =IFERROR(IF(FIND("开",L25,1),"开","关"),"关") -> 关 | T26: =IF(ISBLANK(A26),T25,LEFT(A26,FIND(" ",A26,1)-1)) -> 3.1.1
C27: Synthesis reactor/合成釜 | D27: Manual add 2-Chlorotrityl chloride resin_SR/手动投料 | E27: [0min]synthesis reactor: add by manual-》material: 2-Chlorotrityl chloride resin, weight setting: 65.00kg, weight error: 0.13kg [0min] 合成釜:手动投料-》物料：2-Chlorotrityl chloride resin，投料重量：65.00kg，重量误差±0.13kg | F27: =IFERROR(IF(FIND("开",F26,1),"开","关"),"关") -> 关 | G27: =IFERROR(IF(FIND("开",G26,1),"开","关"),"关") -> 关 | H27: =IFERROR(IF(FIND("开",H26,1),"开","关"),"关") -> 开 | K27: =IFERROR(IF(FIND("开",K26,1),"开","关"),"关") -> 关 | L27: =IFERROR(IF(FIND("开",L26,1),"开","关"),"关") -> 关 | N27: =MID(E27,FIND("物料",E27,1)+3,FIND("投料重量",E27,1)-FIND("物料",E27,1)-4) -> 2-Chlorotrityl chloride resin | O27: =MID(E27,FIND("setting",E27,1)+8,FIND("kg",E27,1)-FIND("setting",E27,1)-8) -> 65.00 | P27: =SUBSTITUTE(RIGHT(E27,LEN(E27)-FIND("重量误差",E27,1)-4),"kg","") -> 0.13 | Q27: =SUBSTITUTE(T27&N27," ","") -> 3.1.12-Chlorotritylchlorideresin | R27: =树脂信息!$C$4 -> 65 | T27: =IF(ISBLANK(A27),T26,LEFT(A27,FIND(" ",A27,1)-1)) -> 3.1.1 | U27: =TEXT(O27,"0.00")=TEXT(R27,"0.00") -> TRUE
C28: Synthesis reactor/合成釜 | D28: Add DMF_SR/DMF进料 | E28: [0min]Line-》DMF->synthesis reactor, weight setting: 492.70kg [0min] 线路-》DMF->合成釜, 打料量：492.70kg | F28: =IFERROR(IF(FIND("开",F27,1),"开","关"),"关") -> 关 | G28: =IFERROR(IF(FIND("开",G27,1),"开","关"),"关") -> 关 | H28: =IFERROR(IF(FIND("开",H27,1),"开","关"),"关") -> 开 | K28: =IFERROR(IF(FIND("开",K27,1),"开","关"),"关") -> 关 | L28: =IFERROR(IF(FIND("开",L27,1),"开","关"),"关") -> 关 | N28: DMF | O28: =MID(E28,FIND("setting",E28,1)+8,FIND("kg",E28,1)-FIND("setting",E28,1)-8) -> 492.70 | Q28: =SUBSTITUTE(T28&N28," ","") -> 3.1.3DMF | R28: =VLOOKUP(Q28,MOR投料表!A:L,9,FALSE) -> 492.7 | T28: 3.1.3 | U28: =TEXT(O28,"0.00")=TEXT(R28,"0.00") -> TRUE
C29: Synthesis reactor/合成釜 | D29: Nitrogen_DMF/氮气吹扫-DMF | E29: [0min]Line-》Nitrogen purge-DMF->synthesis reactor: time setting: 0.1min [0min] 线路-》DMF-氮气吹扫->合成釜, 打料时间：0.1min | F29: =IFERROR(IF(FIND("开",F28,1),"开","关"),"关") -> 关 | G29: =IFERROR(IF(FIND("开",G28,1),"开","关"),"关") -> 关 | H29: =IFERROR(IF(FIND("开",H28,1),"开","关"),"关") -> 开 | K29: =IFERROR(IF(FIND("开",K28,1),"开","关"),"关") -> 关 | L29: =IFERROR(IF(FIND("开",L28,1),"开","关"),"关") -> 关 | T29: =IF(ISBLANK(A29),T28,LEFT(A29,FIND(" ",A29,1)-1)) -> 3.1.3
C30: Synthesis reactor/合成釜 | D30: Bubble_SR_On/氮气鼓泡开 | E30: [0min]Nitrogen bubbling -》Flow setting: 8.5m³/h, positive pressure, pressure setting: 0.005MPa, start-up [0min] 鼓氮气-》流量:8.5m³/h, 正压, 设定压力0.005Mpa,启动 | F30: 打开 | G30: =IFERROR(IF(FIND("开",G29,1),"开","关"),"关") -> 关 | H30: =IFERROR(IF(FIND("开",H29,1),"开","关"),"关") -> 开 | K30: =IFERROR(IF(FIND("开",K29,1),"开","关"),"关") -> 关 | L30: =IFERROR(IF(FIND("开",L29,1),"开","关"),"关") -> 关 | T30: =IF(ISBLANK(A30),T29,LEFT(A30,FIND(" ",A30,1)-1)) -> 3.1.3
C31: Synthesis reactor/合成釜 | D31: Stir_SR_On/搅拌开 | E31: [5min]synthesis reactor agitator-》Speed setting: 20r/min, start-up [5min] 合成釜搅拌机-》转速：20r/min,启动 | F31: =IFERROR(IF(FIND("开",F30,1),"开","关"),"关") -> 开 | G31: 打开 | H31: =IFERROR(IF(FIND("开",H30,1),"开","关"),"关") -> 开 | K31: =IFERROR(IF(FIND("开",K30,1),"开","关"),"关") -> 关 | L31: =IFERROR(IF(FIND("开",L30,1),"开","关"),"关") -> 关 | T31: =IF(ISBLANK(A31),T30,LEFT(A31,FIND(" ",A31,1)-1)) -> 3.1.3
C32: Synthesis reactor/合成釜 | D32: TCT_SR/确认达到温度范围 | E32: [0min]Temperature control timing of synthesis reactor-》Temperature range setting: 21-29℃, time setting: 0.1min.Over-temperature warning L/H limit: 22/28℃ [0min] 合成釜:温控计时反应-》温度区间21-29℃环境下反应0.1min.预警下限/上限22/28℃ | F32: =IFERROR(IF(FIND("开",F31,1),"开","关"),"关") -> 开 | G32: =IFERROR(IF(FIND("开",G31,1),"开","关"),"关") -> 开 | H32: =IFERROR(IF(FIND("开",H31,1),"开","关"),"关") -> 开 | K32: =IFERROR(IF(FIND("开",K31,1),"开","关"),"关") -> 关 | L32: =IFERROR(IF(FIND("开",L31,1),"开","关"),"关") -> 关 | T32: =IF(ISBLANK(A32),T31,LEFT(A32,FIND(" ",A32,1)-1)) -> 3.1.3
C33: Synthesis reactor/合成釜 | D33: TCT_SR/温控计时 | E33: [0min]Temperature control timing of synthesis reactor-》Temperature range setting: 20-30℃, time setting: 45min. Over-temperature warning L/H limit: 22/28℃ [0min] 合成釜:温控计时反应-》温度区间20-30℃环境下反应45min.预警下限/上限22/28℃ | F33: =IFERROR(IF(FIND("开",F32,1),"开","关"),"关") -> 开 | G33: =IFERROR(IF(FIND("开",G32,1),"开","关"),"关") -> 开 | H33: =IFERROR(IF(FIND("开",H32,1),"开","关"),"关") -> 开 | K33: =IFERROR(IF(FIND("开",K32,1),"开","关"),"关") -> 关 | L33: =IFERROR(IF(FIND("开",L32,1),"开","关"),"关") -> 关 | T33: =IF(ISBLANK(A33),T32,LEFT(A33,FIND(" ",A33,1)-1)) -> 3.1.3
C34: Synthesis reactor/合成釜 | D34: Stir_SR_Off/搅拌关 | E34: [0min]synthesis reactor agitator-》Speed setting: 20r/min, shutdown [0min] 合成釜搅拌机-》转速：20r/min,停止 | F34: =IFERROR(IF(FIND("开",F33,1),"开","关"),"关") -> 开 | G34: 关闭 | H34: =IFERROR(IF(FIND("开",H33,1),"开","关"),"关") -> 开 | K34: =IFERROR(IF(FIND("开",K33,1),"开","关"),"关") -> 关 | L34: =IFERROR(IF(FIND("开",L33,1),"开","关"),"关") -> 关 | T34: =IF(ISBLANK(A34),T33,LEFT(A34,FIND(" ",A34,1)-1)) -> 3.1.3
C35: Synthesis reactor/合成釜 | D35: Bubble_SR_Off/氮气鼓泡关 | E35: [0min]Nitrogen bubbling -》Flow setting: 8.5m³/h, positive pressure, pressure setting: 0.005MPa, shutdown [0min] 鼓氮气-》流量:8.5m³/h, 正压, 设定压力0.005Mpa,停止 | F35: 关闭 | G35: =IFERROR(IF(FIND("开",G34,1),"开","关"),"关") -> 关 | H35: =IFERROR(IF(FIND("开",H34,1),"开","关"),"关") -> 开 | K35: =IFERROR(IF(FIND("开",K34,1),"开","关"),"关") -> 关 | L35: =IFERROR(IF(FIND("开",L34,1),"开","关"),"关") -> 关 | T35: =IF(ISBLANK(A35),T34,LEFT(A35,FIND(" ",A35,1)-1)) -> 3.1.3
C36: Synthesis reactor/合成釜 | D36: Drain_SR_Waste/排废 | E36: [0min]Line-》synthesis reactor->waste tank（1）, according to human judgement. [0min] 线路-》合成釜->废液罐（氨基酸活化后溶液&洗脱_人工判定）,人工判定！, | F36: =IFERROR(IF(FIND("开",F35,1),"开","关"),"关") -> 关 | G36: =IFERROR(IF(FIND("开",G35,1),"开","关"),"关") -> 关 | H36: =IFERROR(IF(FIND("开",H35,1),"开","关"),"关") -> 开 | K36: =IFERROR(IF(FIND("开",K35,1),"开","关"),"关") -> 关 | L36: =IFERROR(IF(FIND("开",L35,1),"开","关"),"关") -> 关 | T36: =IF(ISBLANK(A36),T35,LEFT(A36,FIND(" ",A36,1)-1)) -> 3.1.3
A37: 3.1.6 to 3.1.8 Dissolve/溶解 | B37: Adjust the jacket temperature of activation tank TJ4S-1213-Sy16-R01 to 25±5℃ (target: 25℃). Add 369.85kg DMF (5.69W, 6vol) by spray balls into the activation tank TJ4S-1213-Sy16-R01. Start the agitator of activation tank to 115±5 rpm (target: 115 rpm). Add Fmoc-Gly-OH with powder feeding bags into the activation tank TJ4S-1213-Sy16-R01. Rinse the port of the activation tank TJ4S-1213-Sy16-R01 with 61.75kg (0.95W, 1.0vol) DMF by spray balls. Adjust internal temperature of the mixture to 15±5℃. Continue agitation of activation tank to 115±5 rpm (target: 115 rpm). Maintain stirring for NLT 15min at 15±5℃ (target: 15℃).Confirm no visible solids and later use. 将激活罐TJ4S-1213-Sy16-R01夹套调温至25±5℃（目标温度：25℃）。向激活罐TJ4S-1213-Sy16-R01中加入369.85kg N,N-二甲基甲酰胺（5.69W, 6.0vol）（Acceptable weighing range/可接受称量范围：351.36kg~388.34kg），开启激活罐搅拌转速至115±5 rpm (目标转速: 115 rpm)。通过投料袋向激活罐TJ4S-1213-Sy16-R01中加入_________ kg芴甲氧羰基-甘氨酸（2.25eq）（Acceptable weighing range//可接受称量范围：_________ kg ~_________ kg）。通过淋洗球用61.75kg N,N-二甲基甲酰胺（0.95W, 1.0vol）（Acceptable weighing range/可接受称量范围：58.05kg~65.46kg）淋洗激活罐投料口。内温调温至15±5℃。控内温15±5℃（目标温度:15℃），维持激活罐搅拌转速至115±5 rpm (目标转速: 115 rpm)，继续搅拌至少15min，确认无明显固体，待用。 | C37: Activation tank/激活罐 | F37: =IFERROR(IF(FIND("开",F36,1),"开","关"),"关") -> 关 | G37: =IFERROR(IF(FIND("开",G36,1),"开","关"),"关") -> 关 | H37: =IFERROR(IF(FIND("开",H36,1),"开","关"),"关") -> 开 | I37: JTR_AT_On/保温开 | J37: [0min]The jacket temperature of activation tank-》Type: maintain, the jacket temperature setting: 25℃, start-up [0min] 激活罐:控温-》类型：保温, 夹套进口温度设定值:25℃,启动 | K37: =IFERROR(IF(FIND("开",K36,1),"开","关"),"关") -> 关 | L37: =IFERROR(IF(FIND("开",L36,1),"开","关"),"关") -> 关 | M37: 1 | N37: DMF | O37: =MID(J37,FIND("setting",J37,1)+8,FIND("kg",J37,1)-FIND("setting",J37,1)-8) -> #VALUE! | Q37: =SUBSTITUTE(T37&N37," ","") -> 3.1.6DMF | R37: =VLOOKUP(Q37,MOR投料表!A:L,9,FALSE) -> 369.85 | T37: =IF(ISBLANK(A37),T36,LEFT(A37,FIND(" ",A37,1)-1)) -> 3.1.6 | U37: =TEXT(O37,"0.00")=TEXT(R37,"0.00") -> #VALUE!
C38: Activation tank/激活罐 | I38: Add DMF_AT/DMF进料 | J38: [0min]Line-》DMF-Rinse->activation tank, weight setting: 369.85kg [0min] 线路-》DMF-喷淋->激活罐, 打料量：369.85kg | N38: DMF | O38: =MID(J38,FIND("setting",J38,1)+8,FIND("kg",J38,1)-FIND("setting",J38,1)-8) -> 369.85 | Q38: =SUBSTITUTE(T38&N38," ","") -> 3DMF | R38: =VLOOKUP(Q38,MOR投料表!A:L,9,FALSE) -> 369.85 | T38: 3 | U38: =TEXT(O38,"0.00")=TEXT(R38,"0.00") -> TRUE
C39: Activation tank/激活罐 | F39: =IFERROR(IF(FIND("开",F37,1),"开","关"),"关") -> 关 | G39: =IFERROR(IF(FIND("开",G37,1),"开","关"),"关") -> 关 | H39: =IFERROR(IF(FIND("开",H37,1),"开","关"),"关") -> 开 | I39: Nitrogen_DMF/氮气吹扫-DMF | J39: [0min]Line-》DMF Rinse-Nitrogen purge->activation tank, time setting: 0.1min [0min] 线路-》DMF-喷淋-氮气吹扫->激活罐, 打料时间：0.1min | K39: =IFERROR(IF(FIND("开",K37,1),"开","关"),"关") -> 关 | L39: =IFERROR(IF(FIND("开",L37,1),"开","关"),"关") -> 关 | T39: =IF(ISBLANK(A39),T37,LEFT(A39,FIND(" ",A39,1)-1)) -> 3.1.6
C40: Activation tank/激活罐 | F40: =IFERROR(IF(FIND("开",F39,1),"开","关"),"关") -> 关 | G40: =IFERROR(IF(FIND("开",G39,1),"开","关"),"关") -> 关 | H40: =IFERROR(IF(FIND("开",H39,1),"开","关"),"关") -> 开 | I40: Stir_AT_On/搅拌开 | J40: [0min]Activation tank agitator-》Speed setting: 115r/min, start-up [0min] 激活罐搅拌机-》转速：115r/min,启动 | K40: 打开 | L40: =IFERROR(IF(FIND("开",L39,1),"开","关"),"关") -> 关 | T40: =IF(ISBLANK(A40),T39,LEFT(A40,FIND(" ",A40,1)-1)) -> 3.1.6
C41: Activation tank/激活罐 | F41: =IFERROR(IF(FIND("开",F40,1),"开","关"),"关") -> 关 | G41: =IFERROR(IF(FIND("开",G40,1),"开","关"),"关") -> 关 | H41: =IFERROR(IF(FIND("开",H40,1),"开","关"),"关") -> 开 | I41: Manual add Fmoc-Gly-OH_AT/手动投料 | J41: [0min]Activation tank: add by manual-》material: Fmoc-Gly-OH, weight setting: ______kg, weight error: ±______kg [0min] 激活罐:手动投料-》物料：Fmoc-Gly-OH，投料重量：______kg，重量误差±______kg | K41: =IFERROR(IF(FIND("开",K40,1),"开","关"),"关") -> 开 | L41: =IFERROR(IF(FIND("开",L40,1),"开","关"),"关") -> 关 | N41: =MID(J41,FIND("物料",J41,1)+3,FIND("投料重量",J41,1)-FIND("物料",J41,1)-4) -> Fmoc-Gly-OH | O41: =MID(J41,FIND("投料重量",J41,1)+5,FIND("kg",J41,1)-FIND("投料重量",J41,1)-5) -> #VALUE! | P41: =SUBSTITUTE(RIGHT(J41,LEN(J41)-FIND("重量误差",J41,1)-4),"kg","") -> ______ | Q41: =SUBSTITUTE(T41&N41," ","") -> 3.1.6Fmoc-Gly-OH | R41: =VLOOKUP(Q41,氨基酸和溶剂信息!A:P,8,FALSE) -> #N/A | T41: =IF(ISBLANK(A41),T40,LEFT(A41,FIND(" ",A41,1)-1)) -> 3.1.6 | U41: =TEXT(O41,"0.00")=TEXT(R41,"0.00") -> #VALUE!
C42: Activation tank/激活罐 | F42: =IFERROR(IF(FIND("开",F41,1),"开","关"),"关") -> 关 | G42: =IFERROR(IF(FIND("开",G41,1),"开","关"),"关") -> 关 | H42: =IFERROR(IF(FIND("开",H41,1),"开","关"),"关") -> 开 | I42: Rinse-Feeding port DMF_AT/激活罐DMF喷淋投料口 | J42: [0min]Line-》DMF Rinse-Feeding port->activation tank, weight setting: 61.75kg [0min] 线路-》DMF-喷淋-固体喷淋->激活罐, 打料量：61.75kg | K42: =IFERROR(IF(FIND("开",K41,1),"开","关"),"关") -> 开 | L42: =IFERROR(IF(FIND("开",L41,1),"开","关"),"关") -> 关 | N42: DMF | O42: =MID(J42,FIND("setting",J42,1)+8,FIND("kg",J42,1)-FIND("setting",J42,1)-8) -> 61.75 | Q42: =SUBSTITUTE(T42&N42," ","") -> 3.1.8DMF | R42: =LOOKUP(2,1/(Q42=MOR投料表!A:A),MOR投料表!I:I) -> 61.75 | T42: 3.1.8 | U42: =TEXT(O42,"0.00")=TEXT(R42,"0.00") -> TRUE
C43: Activation tank/激活罐 | F43: =IFERROR(IF(FIND("开",F42,1),"开","关"),"关") -> 关 | G43: =IFERROR(IF(FIND("开",G42,1),"开","关"),"关") -> 关 | H43: =IFERROR(IF(FIND("开",H42,1),"开","关"),"关") -> 开 | I43: Nitrogen purge-Feeding port/氮气吹扫-固体 | J43: [0min]Line-》Nitrogen purge DMF Rinse-Feeding port->activation tank, time setting: 0.1min [0min] 线路-》DMF-喷淋--固体喷淋-氮气吹扫->激活罐,打料时间：0.1min | K43: =IFERROR(IF(FIND("开",K42,1),"开","关"),"关") -> 开 | L43: =IFERROR(IF(FIND("开",L42,1),"开","关"),"关") -> 关 | T43: =IF(ISBLANK(A43),T42,LEFT(A43,FIND(" ",A43,1)-1)) -> 3.1.8
C44: Activation tank/激活罐 | I44: JTR_AT_Off/保温关 | J44: [0min]The jacket temperature of activation tank-》Type: maintain, the jacket temperature setting: 25℃, shutdown [0min] 激活罐:控温-》类型：保温, 夹套进口温度设定值:25℃,停止
C45: Activation tank/激活罐 | F45: =IFERROR(IF(FIND("开",F43,1),"开","关"),"关") -> 关 | G45: =IFERROR(IF(FIND("开",G43,1),"开","关"),"关") -> 关 | H45: =IFERROR(IF(FIND("开",H43,1),"开","关"),"关") -> 开 | I45: JTR_AT_On/保温开 | J45: [0min]The jacket temperature of activation tank-》Type: maintain, the jacket temperature setting: 10℃, start-up [0min] 激活罐:控温-》类型：保温, 夹套进口温度设定值:10℃,启动 | K45: =IFERROR(IF(FIND("开",K43,1),"开","关"),"关") -> 开 | L45: 打开 | T45: =IF(ISBLANK(A45),T43,LEFT(A45,FIND(" ",A45,1)-1)) -> 3.1.8
C46: Activation tank/激活罐 | F46: =IFERROR(IF(FIND("开",F45,1),"开","关"),"关") -> 关 | G46: =IFERROR(IF(FIND("开",G45,1),"开","关"),"关") -> 关 | H46: =IFERROR(IF(FIND("开",H45,1),"开","关"),"关") -> 开 | I46: TCT_AT/确认达到温度范围 | J46: [0min]Temperature control timing of activation tank-》Temperature range setting: 10-20℃, time setting: 0.1min. Over-temperature warning L/H limit: 12/18℃ [0min] 激活罐:温控计时反应-》温度区间10-20℃环境下反应0.1min.预警下限/上限12/18℃ | K46: =IFERROR(IF(FIND("开",K45,1),"开","关"),"关") -> 开 | L46: =IFERROR(IF(FIND("开",L45,1),"开","关"),"关") -> 开 | T46: =IF(ISBLANK(A46),T45,LEFT(A46,FIND(" ",A46,1)-1)) -> 3.1.8
C47: Activation tank/激活罐 | I47: TCT_AT/搅拌15min | J47: [0min]Temperature control timing of activation tank-》Temperature range setting: 10-20℃, time setting: 15min. Over-temperature warning L/H limit: 12/18℃ [0min] 激活罐:温控计时反应-》温度区间10-20℃环境下反应15min.预警下限/上限12/18℃
C48: Activation tank/激活罐 | F48: =IFERROR(IF(FIND("开",F46,1),"开","关"),"关") -> 关 | G48: =IFERROR(IF(FIND("开",G46,1),"开","关"),"关") -> 关 | H48: =IFERROR(IF(FIND("开",H46,1),"开","关"),"关") -> 开 | I48: TCT_AT/温控计时-确认无明显固体 | J48: [0min]Temperature control timing of activation tank-》Temperature range setting: 10-20℃, time setting: 9999min. Over-temperature warning L/H limit: 12/18℃ [0min] 激活罐:温控计时反应-》温度区间10-20℃环境下反应9999min.预警下限/上限12/18℃ | K48: =IFERROR(IF(FIND("开",K46,1),"开","关"),"关") -> 开 | L48: =IFERROR(IF(FIND("开",L46,1),"开","关"),"关") -> 开 | T48: =IF(ISBLANK(A48),T46,LEFT(A48,FIND(" ",A48,1)-1)) -> 3.1.8
A49: 3.1.9 and 3.1.10 Wash resin/树脂洗涤 | B49: Add 308.10kg DMF (4.740W, 5.0Vol) by spray balls into synthesis reactor TJ4S-1213-Sy16. Turn on the nitrogen of synthesis reactor to 8.5±4m³/h (target: 8.5 m³/h).Bubble with nitrogen for 5±2 min (target: 5min). . Start the agitator of synthesis reactor to 20±10rpm (target: 20 rpm). After stirring for 10±2min (target: 10min), stop stirring, turn off the nitrogen. Start draining the solution from synthesis reactor with diaphramp pump. Drain until there is no drip, the operator visually confirms the draining end point. 通过淋洗球向合成釜TJ4S-1213-Sy16中加入308.10kg N,N-二甲基甲酰胺（4.74W, 5.0Vol）。（Acceptable weighing range/可接受称量范围：289.61kg~326.59kg）。 开启合成釜下口鼓氮气，氮气流速开至8.5±4m³/h (目标流速: 8.5 m³/h)，鼓氮气5±2min (目标时间：5min)后，开启固相合成釜搅拌转速至20±10 rpm (目标转速: 20 rpm)，搅拌10±2min（目标时间：10min）后，停止搅拌，关闭氮气，通过隔膜泵从合成釜中排出溶液。排液至无液体滴出，由操作人员目视确认排液终点。 | C49: Synthesis reactor/合成釜 | D49: Add DMF_SR/DMF进料 | E49: [0min]Line-》DMF->synthesis reactor, weight setting: 308.10kg [0min] 线路-》DMF->合成釜, 打料量：308.10kg | F49: =IFERROR(IF(FIND("开",F48,1),"开","关"),"关") -> 关 | G49: =IFERROR(IF(FIND("开",G48,1),"开","关"),"关") -> 关 | H49: =IFERROR(IF(FIND("开",H48,1),"开","关"),"关") -> 开 | K49: =IFERROR(IF(FIND("开",K48,1),"开","关"),"关") -> 开 | L49: =IFERROR(IF(FIND("开",L48,1),"开","关"),"关") -> 开 | M49: 1 | N49: DMF | O49: =MID(E49,FIND("setting",E49,1)+8,FIND("kg",E49,1)-FIND("setting",E49,1)-8) -> 308.10 | Q49: =SUBSTITUTE(T49&N49," ","") -> 3.1.9DMF | R49: =VLOOKUP(Q49,MOR投料表!A:L,9,FALSE) -> 308.1 | T49: =IF(ISBLANK(A49),T48,LEFT(A49,FIND(" ",A49,1)-1)) -> 3.1.9 | U49: =TEXT(O49,"0.00")=TEXT(R49,"0.00") -> TRUE
C50: Synthesis reactor/合成釜 | D50: Nitrogen_DMF/氮气吹扫-DMF | E50: [0min]Line-》Nitrogen purge-DMF->synthesis reactor: time setting: 0.1min [0min] 线路-》DMF-氮气吹扫->合成釜, 打料时间：0.1min | F50: =IFERROR(IF(FIND("开",F49,1),"开","关"),"关") -> 关 | G50: =IFERROR(IF(FIND("开",G49,1),"开","关"),"关") -> 关 | H50: =IFERROR(IF(FIND("开",H49,1),"开","关"),"关") -> 开 | K50: =IFERROR(IF(FIND("开",K49,1),"开","关"),"关") -> 开 | L50: =IFERROR(IF(FIND("开",L49,1),"开","关"),"关") -> 开 | T50: =IF(ISBLANK(A50),T49,LEFT(A50,FIND(" ",A50,1)-1)) -> 3.1.9
C51: Synthesis reactor/合成釜 | D51: Bubble_SR_On/氮气鼓泡开 | E51: [0min]Nitrogen bubbling -》Flow setting: 8.5m³/h, positive pressure, pressure setting: 0.005MPa, start-up [0min] 鼓氮气-》流量:8.5m³/h, 正压, 设定压力0.005Mpa,启动 | F51: 打开 | G51: =IFERROR(IF(FIND("开",G50,1),"开","关"),"关") -> 关 | H51: =IFERROR(IF(FIND("开",H50,1),"开","关"),"关") -> 开 | K51: =IFERROR(IF(FIND("开",K50,1),"开","关"),"关") -> 开 | L51: =IFERROR(IF(FIND("开",L50,1),"开","关"),"关") -> 开 | T51: =IF(ISBLANK(A51),T50,LEFT(A51,FIND(" ",A51,1)-1)) -> 3.1.9
C52: Synthesis reactor/合成釜 | D52: Stir_SR/搅拌 | E52: [5min]synthesis reactor agitator-》Speed setting: 20r/min, time setting: 10min [5min] 合成釜搅拌机-》转速：20r/min, 执行10min | F52: =IFERROR(IF(FIND("开",F51,1),"开","关"),"关") -> 开 | G52: 时间控制 | H52: =IFERROR(IF(FIND("开",H51,1),"开","关"),"关") -> 开 | K52: =IFERROR(IF(FIND("开",K51,1),"开","关"),"关") -> 开 | L52: =IFERROR(IF(FIND("开",L51,1),"开","关"),"关") -> 开 | T52: =IF(ISBLANK(A52),T51,LEFT(A52,FIND(" ",A52,1)-1)) -> 3.1.9 | U52: =TEXT(O52,"0.00")=TEXT(R52,"0.00") -> TRUE
C53: Synthesis reactor/合成釜 | D53: Bubble_SR_Off/氮气鼓泡关 | E53: [0min]Nitrogen bubbling -》Flow setting: 8.5m³/h, positive pressure, pressure setting: 0.005MPa, shutdown [0min] 鼓氮气-》流量:8.5m³/h, 正压, 设定压力0.005Mpa,停止 | F53: 关闭 | G53: =IFERROR(IF(FIND("开",G52,1),"开","关"),"关") -> 关 | H53: =IFERROR(IF(FIND("开",H52,1),"开","关"),"关") -> 开 | K53: =IFERROR(IF(FIND("开",K52,1),"开","关"),"关") -> 开 | L53: =IFERROR(IF(FIND("开",L52,1),"开","关"),"关") -> 开 | T53: =IF(ISBLANK(A53),T52,LEFT(A53,FIND(" ",A53,1)-1)) -> 3.1.9
C54: Synthesis reactor/合成釜 | D54: Drain_SR_Waste/排废 | E54: [0min]Line-》synthesis reactor->waste tank（1）, according to human judgement. [0min] 线路-》合成釜->废液罐（氨基酸活化后溶液&洗脱_人工判定）,人工判定！, | F54: =IFERROR(IF(FIND("开",F53,1),"开","关"),"关") -> 关 | G54: =IFERROR(IF(FIND("开",G53,1),"开","关"),"关") -> 关 | H54: =IFERROR(IF(FIND("开",H53,1),"开","关"),"关") -> 开 | K54: =IFERROR(IF(FIND("开",K53,1),"开","关"),"关") -> 开 | L54: =IFERROR(IF(FIND("开",L53,1),"开","关"),"关") -> 开 | T54: =IF(ISBLANK(A54),T53,LEFT(A54,FIND(" ",A54,1)-1)) -> 3.1.9
A55: 3.2.1 and 3.2.2 Activate/活化 | B55: Add DIPEA (6.00eq) into activation tank TJ4S-1213-Sy16-R01 through metering pump at a reference rate of 20~40 kg/h at 15±5℃ (target: 15℃). The addition rate depends on temperature control. At 15±5℃ (target: 15℃). Continue agitation of activation tank to 115±5 rpm (target: 115 rpm). Stir for Maintain stirring for 5±5min (Target:5min) after addition. 控内温15±5℃ (目标温度：15℃)，向激活罐TJ4S-1213-Sy16-R01通过计量泵加入______ kg N,N-二异丙基乙胺（6.00eq）（Acceptable weighing range/可接受称量范围：_______kg~_______kg），参考加料速度20~40kg/h，实际以控内温为主。控内温15±5℃(目标温度：15℃)，维持激活罐搅拌转速至115±5 rpm (目标转速: 115 rpm)，继续搅拌5±5min(目标时间：5min)。 | C55: Activation tank/激活罐 | F55: =IFERROR(IF(FIND("开",#REF!,1),"开","关"),"关") -> 关 | G55: =IFERROR(IF(FIND("开",#REF!,1),"开","关"),"关") -> 关 | H55: =IFERROR(IF(FIND("开",#REF!,1),"开","关"),"关") -> 关 | I55: Drip DIPEA_AT/向激活罐中加入DIPEA | J55: [0min]Drip 2-》Material: DIPEA, weight setting:______kg, the time of the drip: 60min, the temperature of start drip range setting: 10-17℃, the temperature of stop drip range setting: 10-18℃ [0min] 滴加线路2-》物料：DIPEA, 滴加重量：______ kg, 滴加时间：60min,泵启上下限：10-17℃, 泵停上下限：10-18℃ | K55: =IFERROR(IF(FIND("开",#REF!,1),"开","关"),"关") -> 关 | L55: 打开 | M55: 1
C56: Activation tank/激活罐 | F56: =IFERROR(IF(FIND("开",#REF!,1),"开","关"),"关") -> 关 | G56: =IFERROR(IF(FIND("开",#REF!,1),"开","关"),"关") -> 关 | H56: =IFERROR(IF(FIND("开",#REF!,1),"开","关"),"关") -> 关 | I56: Nitrogen purge_DIPEA/氮气吹扫-DIPEA | J56: [0min]Line-》Nitrogen purge-Drip 2->activation tank, time setting: 0.1min [0min] 线路-》氮气吹扫滴加线路2->激活罐, 打料时间：0.1min | K56: =IFERROR(IF(FIND("开",#REF!,1),"开","关"),"关") -> 关 | L56: =IFERROR(IF(FIND("开",#REF!,1),"开","关"),"关") -> 关 | T56: =IF(ISBLANK(A56),#REF!,LEFT(A56,FIND(" ",A56,1)-1)) -> #REF!
C57: Activation tank/激活罐 | F57: =IFERROR(IF(FIND("开",F56,1),"开","关"),"关") -> 关 | G57: =IFERROR(IF(FIND("开",G56,1),"开","关"),"关") -> 关 | H57: =IFERROR(IF(FIND("开",H56,1),"开","关"),"关") -> 关 | I57: TCT_AT/搅拌5min | J57: [0min]Temperature control timing of activation tank-》Temperature range setting: 10-20℃, time setting: 5min. Over-temperature warning L/H limit: 12/18℃ [0min] 激活罐:温控计时反应-》温度区间10-20℃环境下反应5min.预警下限/上限12/18℃ | K57: =IFERROR(IF(FIND("开",K56,1),"开","关"),"关") -> 关 | L57: =IFERROR(IF(FIND("开",L56,1),"开","关"),"关") -> 关 | T57: =IF(ISBLANK(A57),T56,LEFT(A57,FIND(" ",A57,1)-1)) -> #REF!
C58: Activation tank/激活罐 | F58: =IFERROR(IF(FIND("开",F57,1),"开","关"),"关") -> 关 | G58: =IFERROR(IF(FIND("开",G57,1),"开","关"),"关") -> 关 | H58: =IFERROR(IF(FIND("开",H57,1),"开","关"),"关") -> 关 | I58: Stir_AT_Off/搅拌关 | J58: [0min]Activation tank agitator-》Speed setting: 115r/min, shutdown [0min] 激活罐搅拌机-》转速：115r/min,停止 | K58: 关闭 | L58: =IFERROR(IF(FIND("开",L57,1),"开","关"),"关") -> 关 | S58: =ROUND(R58*0.03,2) -> 0 | T58: =IF(ISBLANK(A58),T57,LEFT(A58,FIND(" ",A58,1)-1)) -> #REF! | U58: =TEXT(O58,"0.00")=TEXT(R58,"0.00") -> TRUE | V58: =S58-P58 -> 0
C59: Activation tank/激活罐 | I59: Stir_AT_On/搅拌开 | J59: [0min]Activation tank agitator-》Speed setting: 30r/min, start-up [0min] 激活罐搅拌机-》转速：30r/min,启动
A60: 3.3.1 and 3.3.2 Transfer/转移 | B60: Transfer the mixture in activation tank TJ4S-1213-Sy16-R01 into synthesis reactor TJ4S-1213-Sy16. Add 61.75 kg DMF (0.95W, 1.0Vol) by spray balls into activation tank TJ4S-1213-Sy16 to rinse the wall. 将激活罐TJ4S-1213-Sy16-R01中体系转移至合成釜中TJ4S-1213-Sy16。 转移完毕，通过淋洗球向激活罐TJ4S-1213-Sy16-R01中加入61.75 kg N,N-二甲基甲酰胺（0.95W，1.0Vol）（Acceptable weighing range/可接受称量范围：58.05kg~65.46kg）淋洗釜壁。 | C60: Synchronization/同步 | D60: Transfer AT_SR/转移 | E60: [0min]Line-》activation tank->synthesis reactor, according to human judgment. [0min] 线路-》激活罐->合成釜（人工判定）, 人工判定！, | F60: =IFERROR(IF(FIND("开",F58,1),"开","关"),"关") -> 关 | G60: =IFERROR(IF(FIND("开",G58,1),"开","关"),"关") -> 关 | H60: =IFERROR(IF(FIND("开",H58,1),"开","关"),"关") -> 关 | K60: =IFERROR(IF(FIND("开",K58,1),"开","关"),"关") -> 关 | L60: =IFERROR(IF(FIND("开",L58,1),"开","关"),"关") -> 关 | M60: 1 | S60: =ROUND(R60*0.03,2) -> 0 | T60: =IF(ISBLANK(A60),T58,LEFT(A60,FIND(" ",A60,1)-1)) -> 3.3.1 | U60: =TEXT(O60,"0.00")=TEXT(R60,"0.00") -> TRUE | V60: =S60-P60 -> 0
C61: Activation tank/激活罐 | I61: Stir_AT_Off/搅拌关 | J61: [0min]Activation tank agitator-》Speed setting: 30r/min, shutdown [0min] 激活罐搅拌机-》转速：30r/min,停止
C62: Synchronization/同步 | D62: Nitrogen_Transfer AT_SR/转移吹扫 | E62: [0min]Line-》Nitrogen purge for activation tank->synthesis reactor, time setting: 1min [0min] 线路-》激活罐-氮气吹扫->合成釜, 打料时间：1min | F62: =IFERROR(IF(FIND("开",F60,1),"开","关"),"关") -> 关 | G62: =IFERROR(IF(FIND("开",G60,1),"开","关"),"关") -> 关 | H62: =IFERROR(IF(FIND("开",H60,1),"开","关"),"关") -> 关 | K62: =IFERROR(IF(FIND("开",K60,1),"开","关"),"关") -> 关 | L62: =IFERROR(IF(FIND("开",L60,1),"开","关"),"关") -> 关 | T62: =IF(ISBLANK(A62),T60,LEFT(A62,FIND(" ",A62,1)-1)) -> 3.3.1 | U62: =TEXT(O62,"0.00")=TEXT(R62,"0.00") -> TRUE
C63: Activation tank/激活罐 | F63: =IFERROR(IF(FIND("开",F62,1),"开","关"),"关") -> 关 | G63: =IFERROR(IF(FIND("开",G62,1),"开","关"),"关") -> 关 | H63: =IFERROR(IF(FIND("开",H62,1),"开","关"),"关") -> 关 | I63: Rinse DMF_AT/DMF喷淋 | J63: [0min]Line-》DMF-Rinse->activation tank, weight setting: 61.75kg [0min] 线路-》DMF-喷淋->激活罐, 打料量：61.75kg | K63: =IFERROR(IF(FIND("开",K62,1),"开","关"),"关") -> 关 | L63: =IFERROR(IF(FIND("开",L62,1),"开","关"),"关") -> 关 | N63: DMF | O63: =MID(J63,FIND("setting",J63,1)+8,FIND("kg",J63,1)-FIND("setting",J63,1)-8) -> 61.75 | Q63: =SUBSTITUTE(T63&N63," ","") -> 3.3.2DMF | R63: =VLOOKUP(Q63,MOR投料表!A:L,9,FALSE) -> 61.75 | T63: 3.3.2 | U63: =TEXT(O63,"0.00")=TEXT(R63,"0.00") -> TRUE
A64: 3.3.3 to 3.3.5 （1）Coupling/偶联 | B64: Turn on the nitrogen of synthesis reactor to 8.5±4m³/h (target: 8.5 m³/h). Bubble with nitrogen for 5±2min (target: 5min).Start the agitator of synthesis reactor to 20±10rpm (target: 20 rpm). Transfer the mixture(DMF) from the activation tank TJ4S-1213-Sy16-R01 to the synthesis reactor TJ4S-1213-Sy16. Adjust temperature to 25±5℃ in synthesis reactor TJ4S-1213-Sy16. The mixture is allowed to react at internal temperature【25±5℃ (target: 25℃, starts timing when the temperature reaches 20℃)】for 2.5h~5.0h (target:3h).Stop stirring, turn off the nitrogen. Start draining the solution from synthesis reactor with diaphramp pump. Drain until there is no drip, the operator visually confirms the draining end point. 开启合成釜下口鼓氮气，氮气流速开至8.5±4m³/h (目标流速: 8.5 m³/h)，鼓氮气5±2min（目标时间：5min）后，开启固相合成釜搅拌转速至20±10 rpm (目标转速: 20 rpm)，将激活罐TJ4S-1213-Sy16-R01中体系转移至合成釜TJ4S-1213-Sy16中。 合成釜TJ4S-1213-Sy16内温调温至25±5℃。控内温【25±5℃（目标温度:25℃）】（保温开始以温度达到20℃开始计时），反应2.5h~5.0h（目标时间:3h）.停止搅拌，关闭氮气，通过隔膜泵从合成釜中排出溶液。排液至无液体滴出，由操作人员目视确认排液终点。 | C64: Synthesis reactor/合成釜 | D64: Bubble_SR_On/氮气鼓泡开 | E64: [0min]Nitrogen bubbling -》Flow setting: 8.5m³/h, positive pressure, pressure setting: 0.005MPa, start-up [0min] 鼓氮气-》流量:8.5m³/h, 正压, 设定压力0.005Mpa,启动 | F64: 打开 | G64: =IFERROR(IF(FIND("开",G63,1),"开","关"),"关") -> 关 | H64: =IFERROR(IF(FIND("开",H63,1),"开","关"),"关") -> 关 | K64: =IFERROR(IF(FIND("开",K63,1),"开","关"),"关") -> 关 | L64: =IFERROR(IF(FIND("开",L63,1),"开","关"),"关") -> 关 | M64: 1 | T64: =IF(ISBLANK(A64),T63,LEFT(A64,FIND(" ",A64,1)-1)) -> 3.3.3
C65: Synthesis reactor/合成釜 | D65: Stir_SR_On/搅拌开 | E65: [5min]synthesis reactor agitator-》Speed setting: 20r/min, start-up [5min] 合成釜搅拌机-》转速：20r/min,启动 | F65: =IFERROR(IF(FIND("开",F64,1),"开","关"),"关") -> 开 | G65: 打开 | H65: =IFERROR(IF(FIND("开",H64,1),"开","关"),"关") -> 关 | K65: =IFERROR(IF(FIND("开",K64,1),"开","关"),"关") -> 关 | L65: =IFERROR(IF(FIND("开",L64,1),"开","关"),"关") -> 关 | T65: =IF(ISBLANK(A65),T64,LEFT(A65,FIND(" ",A65,1)-1)) -> 3.3.3
C66: Activation tank/激活罐 | F66: =IFERROR(IF(FIND("开",F65,1),"开","关"),"关") -> 开 | G66: =IFERROR(IF(FIND("开",G65,1),"开","关"),"关") -> 开 | H66: =IFERROR(IF(FIND("开",H65,1),"开","关"),"关") -> 关 | I66: Nitrogen_DMF/氮气吹扫-DMF | J66: [0min]Line-》DMF Rinse-Nitrogen purge->activation tank, time setting: 0.1min [0min] 线路-》DMF-喷淋-氮气吹扫->激活罐, 打料时间：0.1min | K66: =IFERROR(IF(FIND("开",K65,1),"开","关"),"关") -> 关 | L66: =IFERROR(IF(FIND("开",L65,1),"开","关"),"关") -> 关 | T66: =IF(ISBLANK(A66),T65,LEFT(A66,FIND(" ",A66,1)-1)) -> 3.3.3
C67: Synchronization/同步 | D67: Transfer AT_SR/转移 | E67: [0min]Line-》activation tank->synthesis reactor, according to human judgment. [0min] 线路-》激活罐->合成釜（人工判定）, 人工判定！, | F67: =IFERROR(IF(FIND("开",F66,1),"开","关"),"关") -> 开 | G67: =IFERROR(IF(FIND("开",G66,1),"开","关"),"关") -> 开 | H67: =IFERROR(IF(FIND("开",H66,1),"开","关"),"关") -> 关 | K67: =IFERROR(IF(FIND("开",K66,1),"开","关"),"关") -> 关 | L67: =IFERROR(IF(FIND("开",L66,1),"开","关"),"关") -> 关 | T67: =IF(ISBLANK(A67),T66,LEFT(A67,FIND(" ",A67,1)-1)) -> 3.3.3
C68: Synchronization/同步 | D68: Nitrogen_Transfer AT_SR/转移吹扫 | E68: [0min]Line-》Nitrogen purge for activation tank->synthesis reactor, time setting: 1min [0min] 线路-》激活罐-氮气吹扫->合成釜, 打料时间：1min | F68: =IFERROR(IF(FIND("开",F67,1),"开","关"),"关") -> 开 | G68: =IFERROR(IF(FIND("开",G67,1),"开","关"),"关") -> 开 | H68: =IFERROR(IF(FIND("开",H67,1),"开","关"),"关") -> 关 | K68: =IFERROR(IF(FIND("开",K67,1),"开","关"),"关") -> 关 | L68: =IFERROR(IF(FIND("开",L67,1),"开","关"),"关") -> 关 | T68: =IF(ISBLANK(A68),T67,LEFT(A68,FIND(" ",A68,1)-1)) -> 3.3.3
C69: Activation tank/激活罐 | F69: =IFERROR(IF(FIND("开",F66,1),"开","关"),"关") -> 开 | G69: =IFERROR(IF(FIND("开",G66,1),"开","关"),"关") -> 开 | H69: =IFERROR(IF(FIND("开",H66,1),"开","关"),"关") -> 关 | I69: JTR_AT_Off/保温关 | J69: [0min]The jacket temperature of activation tank-》Type: maintain, the jacket temperature setting: 10℃, shutdown [0min] 激活罐:控温-》类型：保温, 夹套进口温度设定值:10℃,停止 | K69: =IFERROR(IF(FIND("开",#REF!,1),"开","关"),"关") -> 关 | L69: 关闭 | T69: =IF(ISBLANK(A69),T68,LEFT(A69,FIND(" ",A69,1)-1)) -> 3.3.3 | U69: =TEXT(O69,"0.00")=TEXT(R69,"0.00") -> TRUE
C70: Activation tank/激活罐 | F70: =IFERROR(IF(FIND("开",F69,1),"开","关"),"关") -> 开 | G70: =IFERROR(IF(FIND("开",G69,1),"开","关"),"关") -> 开 | H70: =IFERROR(IF(FIND("开",H69,1),"开","关"),"关") -> 关 | I70: Pause_AT/暂停-确认转移完全 | J70: Pause:Execution type : Parallel-Activation Tank 暂停-》 控制类型：并行-激活罐 | K70: =IFERROR(IF(FIND("开",K69,1),"开","关"),"关") -> 关 | L70: =IFERROR(IF(FIND("开",L69,1),"开","关"),"关") -> 关 | T70: =IF(ISBLANK(A70),T69,LEFT(A70,FIND(" ",A70,1)-1)) -> 3.3.3
C71: Synthesis reactor/合成釜 | D71: TCT_SR/确认达到温度范围 | E71: [0min]Temperature control timing of synthesis reactor-》Temperature range setting: 20-30℃, time setting: 0.1min. Over-temperature warning L/H limit: 22/28℃ [0min] 合成釜:温控计时反应-》温度区间20-30℃环境下反应0.1min.预警下限/上限22/28℃ | F71: =IFERROR(IF(FIND("开",F70,1),"开","关"),"关") -> 开 | G71: =IFERROR(IF(FIND("开",G70,1),"开","关"),"关") -> 开 | H71: =IFERROR(IF(FIND("开",H70,1),"开","关"),"关") -> 关 | K71: =IFERROR(IF(FIND("开",K70,1),"开","关"),"关") -> 关 | L71: =IFERROR(IF(FIND("开",L70,1),"开","关"),"关") -> 关 | T71: =IF(ISBLANK(A71),T70,LEFT(A71,FIND(" ",A71,1)-1)) -> 3.3.3
C72: Synthesis reactor/合成釜 | D72: TCT_SR/温控计时 | E72: [0min]Temperature control timing of synthesis reactor-》Temperature range setting: 20-30℃, time setting: 180min. Over-temperature warning L/H limit: 22/28℃ [0min] 合成釜:温控计时反应-》温度区间20-30℃环境下反应180min.预警下限/上限22/28℃ | F72: =IFERROR(IF(FIND("开",F71,1),"开","关"),"关") -> 开 | G72: =IFERROR(IF(FIND("开",G71,1),"开","关"),"关") -> 开 | H72: =IFERROR(IF(FIND("开",H71,1),"开","关"),"关") -> 关 | K72: =IFERROR(IF(FIND("开",K71,1),"开","关"),"关") -> 关 | L72: =IFERROR(IF(FIND("开",L71,1),"开","关"),"关") -> 关 | T72: =IF(ISBLANK(A72),T71,LEFT(A72,FIND(" ",A72,1)-1)) -> 3.3.3
C73: Synthesis reactor/合成釜 | D73: Stir_SR_Off/搅拌关 | E73: [0min]synthesis reactor agitator-》Speed setting: 20r/min, shutdown [0min] 合成釜搅拌机-》转速：20r/min,停止 | F73: =IFERROR(IF(FIND("开",F72,1),"开","关"),"关") -> 开 | G73: 关闭 | H73: =IFERROR(IF(FIND("开",H72,1),"开","关"),"关") -> 关 | K73: =IFERROR(IF(FIND("开",K72,1),"开","关"),"关") -> 关 | L73: =IFERROR(IF(FIND("开",L72,1),"开","关"),"关") -> 关 | T73: =IF(ISBLANK(A73),T72,LEFT(A73,FIND(" ",A73,1)-1)) -> 3.3.3
C74: Synthesis reactor/合成釜 | D74: Bubble_SR_Off/氮气鼓泡关 | E74: [0min]Nitrogen bubbling -》Flow setting: 8.5m³/h, positive pressure, pressure setting: 0.005MPa, shutdown [0min] 鼓氮气-》流量:8.5m³/h, 正压, 设定压力0.005Mpa,停止 | F74: 关闭 | G74: =IFERROR(IF(FIND("开",G73,1),"开","关"),"关") -> 关 | H74: =IFERROR(IF(FIND("开",H73,1),"开","关"),"关") -> 关 | K74: =IFERROR(IF(FIND("开",K73,1),"开","关"),"关") -> 关 | L74: =IFERROR(IF(FIND("开",L73,1),"开","关"),"关") -> 关 | T74: =IF(ISBLANK(A74),T73,LEFT(A74,FIND(" ",A74,1)-1)) -> 3.3.3
C75: Synthesis reactor/合成釜 | D75: Drain_SR_Waste/排废 | E75: [0min]Line-》synthesis reactor->waste tank（1）, according to human judgement. [0min] 线路-》合成釜->废液罐（氨基酸活化后溶液&洗脱_人工判定）,人工判定！, | F75: =IFERROR(IF(FIND("开",F74,1),"开","关"),"关") -> 关 | G75: =IFERROR(IF(FIND("开",G74,1),"开","关"),"关") -> 关 | H75: =IFERROR(IF(FIND("开",H74,1),"开","关"),"关") -> 关 | K75: =IFERROR(IF(FIND("开",K74,1),"开","关"),"关") -> 关 | L75: =IFERROR(IF(FIND("开",L74,1),"开","关"),"关") -> 关 | T75: =IF(ISBLANK(A75),T74,LEFT(A75,FIND(" ",A75,1)-1)) -> 3.3.3
C76: Synthesis reactor/合成釜 | D76: JTR_SR_Off/保温关 | E76: [0min]The jacket temperature of synthesis reactor-》Type: maintain, the jacket inlet temperature setting: 25℃, shutdown [0min] 合成釜:控温-》类型：保温, 夹套进口温度设定值:25℃,停止 | F76: =IFERROR(IF(FIND("开",F75,1),"开","关"),"关") -> 关 | G76: =IFERROR(IF(FIND("开",G75,1),"开","关"),"关") -> 关 | H76: 关闭 | K76: =IFERROR(IF(FIND("开",K75,1),"开","关"),"关") -> 关 | L76: =IFERROR(IF(FIND("开",L75,1),"开","关"),"关") -> 关 | T76: =IF(ISBLANK(A76),T75,LEFT(A76,FIND(" ",A76,1)-1)) -> 3.3.3
C77: Synthesis reactor/合成釜 | D77: JTR_SR_On/保温开 | E77: [0min]The jacket temperature of synthesis reactor-》Type: maintain, the jacket inlet temperature setting: 17℃, start-up [0min] 合成釜:控温-》类型：保温, 夹套进口温度设定值:17℃,启动 | F77: =IFERROR(IF(FIND("开",F76,1),"开","关"),"关") -> 关 | G77: =IFERROR(IF(FIND("开",G76,1),"开","关"),"关") -> 关 | H77: 打开 | K77: =IFERROR(IF(FIND("开",K76,1),"开","关"),"关") -> 关 | L77: =IFERROR(IF(FIND("开",L76,1),"开","关"),"关") -> 关 | T77: =IF(ISBLANK(A77),T76,LEFT(A77,FIND(" ",A77,1)-1)) -> 3.3.3
A78: 3.3.6 and 3.3.7 Wash activation tank and wash resin/激活罐洗涤和树脂洗涤 | B78: Rinse the activation tank TJ4S-1213-Sy16-R01 with 492.70kg DMF (7.58W ,8.0Vol) by spray balls.Circulate and clean the activating liquid transfer pipeline 1, liquid charging port cleaning pipeline 2 and solid charging port cleaning pipeline 3, clean every pipeline for 2±1min. After the liquid is filtered out of the synthesis reactor TJ4S-1213-Sy16 and transfer the liquid to the synthesis reactor TJ4S-1213-Sy16. Bubble with nitrogenTurn on the nitrogen of synthesis reactor to 8.5±4m³/h (target: 8.5 m³/h), Bubble with nitrogen afterfor 5±2 min(target:5min), . Start the agitator of synthesis reactor to 20±10rpm (target: 20 rpm). start the agitator. After stirring for 10±2min (target: 10min), stop stirring, turn off the nitrogen. Start draing the solution from synthesis reactor with diaphramp pump. Drain until there is no drip, the operator visually confirms the draining end point. 通过淋洗球向激活罐TJ4S-1213-Sy16-R01中加入492.70kg N, N-二甲基甲酰胺（7.58W ,8.0Vol）（Acceptable weighing range/可接受称量范围：463.14kg~522.26kg），循环清洗激活液转移管路1，和液体加料口清洗管路2和固体加料口清洗管路3，每条线路各清洗2±1min。 待合成釜排废完毕后将激活罐中体系转移至合成釜中，开启合成釜下口鼓氮气，氮气流速开至8.5±4m³/h (目标流速: 8.5 m³/h)，鼓氮气5±2min（目标时间：5min）后开启固相合成釜搅拌转速至20±10 rpm (目标转速: 20 rpm)，搅拌10±2min（目标时间：10min）后，停止搅拌，关闭氮气，通过隔膜泵从合成釜中排出溶液。排液至无液体滴出，由操作人员目视确认排液终点。 | C78: Activation tank/激活罐 | F78: =IFERROR(IF(FIND("开",F77,1),"开","关"),"关") -> 关 | G78: =IFERROR(IF(FIND("开",G77,1),"开","关"),"关") -> 关 | H78: =IFERROR(IF(FIND("开",H77,1),"开","关"),"关") -> 开 | I78: Add DMF_AT/DMF进料 | J78: [0min]Line-》DMF-Rinse->activation tank, weight setting: 492.70kg [0min] 线路-》DMF-喷淋->激活罐, 打料量：492.70kg | K78: =IFERROR(IF(FIND("开",K77,1),"开","关"),"关") -> 关 | L78: =IFERROR(IF(FIND("开",L77,1),"开","关"),"关") -> 关 | M78: 3 | N78: DMF | O78: =MID(J78,FIND("setting",J78,1)+8,FIND("kg",J78,1)-FIND("setting",J78,1)-8) -> 492.70 | Q78: =SUBSTITUTE(T78&N78," ","") -> 3.3.6DMF | R78: =VLOOKUP(Q78,MOR投料表!A:L,9,FALSE) -> 492.7 | T78: =IF(ISBLANK(A78),T77,LEFT(A78,FIND(" ",A78,1)-1)) -> 3.3.6 | U78: =TEXT(O78,"0.00")=TEXT(R78,"0.00") -> TRUE
C79: Activation tank/激活罐 | F79: =IFERROR(IF(FIND("开",F78,1),"开","关"),"关") -> 关 | G79: =IFERROR(IF(FIND("开",G78,1),"开","关"),"关") -> 关 | H79: =IFERROR(IF(FIND("开",H78,1),"开","关"),"关") -> 开 | I79: Nitrogen_DMF/氮气吹扫-DMF | J79: [0min]Line-》DMF Rinse-Nitrogen purge->activation tank, time setting: 0.1min [0min] 线路-》DMF-喷淋-氮气吹扫->激活罐, 打料时间：0.1min | K79: =IFERROR(IF(FIND("开",K78,1),"开","关"),"关") -> 关 | L79: =IFERROR(IF(FIND("开",L78,1),"开","关"),"关") -> 关 | T79: =IF(ISBLANK(A79),T78,LEFT(A79,FIND(" ",A79,1)-1)) -> 3.3.6
C80: Activation tank/激活罐 | F80: =IFERROR(IF(FIND("开",F79,1),"开","关"),"关") -> 关 | G80: =IFERROR(IF(FIND("开",G79,1),"开","关"),"关") -> 关 | H80: =IFERROR(IF(FIND("开",H79,1),"开","关"),"关") -> 开 | I80: Circ.Clean L1/循环清洗1 | J80: [0min]Line-》Cycle cleaning for activation tank->activation tank, time setting: 2min [0min] 线路-》激活罐循环清洗->激活罐, 打料时间：2min | K80: =IFERROR(IF(FIND("开",K79,1),"开","关"),"关") -> 关 | L80: =IFERROR(IF(FIND("开",L79,1),"开","关"),"关") -> 关 | T80: =IF(ISBLANK(A80),T79,LEFT(A80,FIND(" ",A80,1)-1)) -> 3.3.6 | U80: =TEXT(O80,"0.00")=TEXT(R80,"0.00") -> TRUE
C81: Activation tank/激活罐 | F81: =IFERROR(IF(FIND("开",F80,1),"开","关"),"关") -> 关 | G81: =IFERROR(IF(FIND("开",G80,1),"开","关"),"关") -> 关 | H81: =IFERROR(IF(FIND("开",H80,1),"开","关"),"关") -> 开 | I81: Nitrogen purge L1/氮气压回1 | J81: [0min]Line-》Cycle cleaning for activation tank -> Nitrogen purge->activation tank, time setting: 1min [0min] 线路-》激活罐循环-氮气压回->激活罐, 打料时间：1min | K81: =IFERROR(IF(FIND("开",K80,1),"开","关"),"关") -> 关 | L81: =IFERROR(IF(FIND("开",L80,1),"开","关"),"关") -> 关 | T81: =IF(ISBLANK(A81),T80,LEFT(A81,FIND(" ",A81,1)-1)) -> 3.3.6
C82: Activation tank/激活罐 | F82: =IFERROR(IF(FIND("开",F81,1),"开","关"),"关") -> 关 | G82: =IFERROR(IF(FIND("开",G81,1),"开","关"),"关") -> 关 | H82: =IFERROR(IF(FIND("开",H81,1),"开","关"),"关") -> 开 | I82: Circ.Clean L2/循环清洗2 | J82: [0min]Line-》Cycle cleaning 2 for activation tank->activation tank, time setting: 2min [0min] 线路-》激活罐循环清洗2->激活罐, 打料时间：2min | K82: =IFERROR(IF(FIND("开",K81,1),"开","关"),"关") -> 关 | L82: =IFERROR(IF(FIND("开",L81,1),"开","关"),"关") -> 关 | T82: =IF(ISBLANK(A82),T81,LEFT(A82,FIND(" ",A82,1)-1)) -> 3.3.6
C83: Activation tank/激活罐 | F83: =IFERROR(IF(FIND("开",F82,1),"开","关"),"关") -> 关 | G83: =IFERROR(IF(FIND("开",G82,1),"开","关"),"关") -> 关 | H83: =IFERROR(IF(FIND("开",H82,1),"开","关"),"关") -> 开 | I83: Nitrogen purge L2/氮气压回2 | J83: [0min]Cycle cleaning for activation tank -> Nitrogen purge2->activation tank, time setting: 1min [0min] 线路-》激活罐循环-氮气压回2->激活罐, 打料时间：1min | K83: =IFERROR(IF(FIND("开",K82,1),"开","关"),"关") -> 关 | L83: =IFERROR(IF(FIND("开",L82,1),"开","关"),"关") -> 关 | T83: =IF(ISBLANK(A83),T82,LEFT(A83,FIND(" ",A83,1)-1)) -> 3.3.6
C84: Activation tank/激活罐 | F84: =IFERROR(IF(FIND("开",F83,1),"开","关"),"关") -> 关 | G84: =IFERROR(IF(FIND("开",G83,1),"开","关"),"关") -> 关 | H84: =IFERROR(IF(FIND("开",H83,1),"开","关"),"关") -> 开 | I84: Circ.Clean L3/循环清洗3 | J84: [0min]Line-》Cycle cleaning 3 for activation tank->activation tank, time setting: 2min [0min] 线路-》激活罐循环清洗3->激活罐, 打料时间：2min | K84: =IFERROR(IF(FIND("开",K83,1),"开","关"),"关") -> 关 | L84: =IFERROR(IF(FIND("开",L83,1),"开","关"),"关") -> 关 | T84: =IF(ISBLANK(A84),T83,LEFT(A84,FIND(" ",A84,1)-1)) -> 3.3.6 | U84: =TEXT(O84,"0.00")=TEXT(R84,"0.00") -> TRUE
C85: Activation tank/激活罐 | F85: =IFERROR(IF(FIND("开",F84,1),"开","关"),"关") -> 关 | G85: =IFERROR(IF(FIND("开",G84,1),"开","关"),"关") -> 关 | H85: =IFERROR(IF(FIND("开",H84,1),"开","关"),"关") -> 开 | I85: Nitrogen purge L3/氮气压回3 | J85: [0min]Cycle cleaning for activation tank -> Nitrogen purge3->activation tank, time setting: 1min [0min] 线路-》激活罐循环-氮气压回3->激活罐, 打料时间：1min | K85: =IFERROR(IF(FIND("开",K84,1),"开","关"),"关") -> 关 | L85: =IFERROR(IF(FIND("开",L84,1),"开","关"),"关") -> 关 | T85: =IF(ISBLANK(A85),T84,LEFT(A85,FIND(" ",A85,1)-1)) -> 3.3.6
C86: Synchronization/同步 | D86: Transfer AT_SR/转移 | E86: [0min]Line-》activation tank->synthesis reactor, according to human judgment. [0min] 线路-》激活罐->合成釜（人工判定）, 人工判定！, | F86: =IFERROR(IF(FIND("开",F85,1),"开","关"),"关") -> 关 | G86: =IFERROR(IF(FIND("开",G85,1),"开","关"),"关") -> 关 | H86: =IFERROR(IF(FIND("开",H85,1),"开","关"),"关") -> 开 | K86: =IFERROR(IF(FIND("开",K85,1),"开","关"),"关") -> 关 | L86: =IFERROR(IF(FIND("开",L85,1),"开","关"),"关") -> 关 | T86: =IF(ISBLANK(A86),T85,LEFT(A86,FIND(" ",A86,1)-1)) -> 3.3.6
C87: Synchronization/同步 | D87: Nitrogen_Transfer AT_SR/转移吹扫 | E87: [0min]Line-》Nitrogen purge for activation tank->synthesis reactor, time setting: 1min [0min] 线路-》激活罐-氮气吹扫->合成釜, 打料时间：1min | F87: =IFERROR(IF(FIND("开",F86,1),"开","关"),"关") -> 关 | G87: =IFERROR(IF(FIND("开",G86,1),"开","关"),"关") -> 关 | H87: =IFERROR(IF(FIND("开",H86,1),"开","关"),"关") -> 开 | K87: =IFERROR(IF(FIND("开",K86,1),"开","关"),"关") -> 关 | L87: =IFERROR(IF(FIND("开",L86,1),"开","关"),"关") -> 关 | T87: =IF(ISBLANK(A87),T86,LEFT(A87,FIND(" ",A87,1)-1)) -> 3.3.6
C88: Activation tank/激活罐 | F88: =IFERROR(IF(FIND("开",F87,1),"开","关"),"关") -> 关 | G88: =IFERROR(IF(FIND("开",G87,1),"开","关"),"关") -> 关 | H88: =IFERROR(IF(FIND("开",H87,1),"开","关"),"关") -> 开 | I88: TCT_AT/温控计时 | J88: [0min]Temperature control timing of activation tank-》Temperature range setting: 0-30℃, time setting: 0.1min. Over-temperature warning L/H limit: 2/28℃ [0min] 激活罐:温控计时反应-》温度区间0-30℃环境下反应0.1min. 预警下限/上限2/28℃ | K88: =IFERROR(IF(FIND("开",K87,1),"开","关"),"关") -> 关 | L88: =IFERROR(IF(FIND("开",L87,1),"开","关"),"关") -> 关 | T88: =IF(ISBLANK(A88),T87,LEFT(A88,FIND(" ",A88,1)-1)) -> 3.3.6
C89: Synthesis reactor/合成釜 | D89: Bubble_SR_On/氮气鼓泡开 | E89: [0min]Nitrogen bubbling -》Flow setting: 8.5m³/h, positive pressure, pressure setting: 0.005MPa, start-up [0min] 鼓氮气-》流量:8.5m³/h, 正压, 设定压力0.005Mpa,启动 | F89: 打开 | G89: =IFERROR(IF(FIND("开",G88,1),"开","关"),"关") -> 关 | H89: =IFERROR(IF(FIND("开",H88,1),"开","关"),"关") -> 开 | K89: =IFERROR(IF(FIND("开",K88,1),"开","关"),"关") -> 关 | L89: =IFERROR(IF(FIND("开",L88,1),"开","关"),"关") -> 关 | T89: =IF(ISBLANK(A89),T88,LEFT(A89,FIND(" ",A89,1)-1)) -> 3.3.6
C90: Synthesis reactor/合成釜 | D90: Stir_SR/搅拌 | E90: [5min]synthesis reactor agitator-》Speed setting: 20r/min, time setting: 10min [5min] 合成釜搅拌机-》转速：20r/min, 执行10min | F90: =IFERROR(IF(FIND("开",F89,1),"开","关"),"关") -> 开 | G90: 时间控制 | H90: =IFERROR(IF(FIND("开",H89,1),"开","关"),"关") -> 开 | K90: =IFERROR(IF(FIND("开",K89,1),"开","关"),"关") -> 关 | L90: =IFERROR(IF(FIND("开",L89,1),"开","关"),"关") -> 关 | T90: =IF(ISBLANK(A90),T89,LEFT(A90,FIND(" ",A90,1)-1)) -> 3.3.6
C91: Synthesis reactor/合成釜 | D91: Bubble_SR_Off/氮气鼓泡关 | E91: [0min]Nitrogen bubbling -》Flow setting: 8.5m³/h, positive pressure, pressure setting: 0.005MPa, shutdown [0min] 鼓氮气-》流量:8.5m³/h, 正压, 设定压力0.005Mpa,停止 | F91: 关闭 | G91: =IFERROR(IF(FIND("开",G90,1),"开","关"),"关") -> 关 | H91: =IFERROR(IF(FIND("开",H90,1),"开","关"),"关") -> 开 | K91: =IFERROR(IF(FIND("开",K90,1),"开","关"),"关") -> 关 | L91: =IFERROR(IF(FIND("开",L90,1),"开","关"),"关") -> 关 | T91: =IF(ISBLANK(A91),T90,LEFT(A91,FIND(" ",A91,1)-1)) -> 3.3.6
C92: Synthesis reactor/合成釜 | D92: Drain_SR_Waste/排废 | E92: [0min]Line-》synthesis reactor->waste tank（1）, according to human judgement. [0min] 线路-》合成釜->废液罐（氨基酸活化后溶液&洗脱_人工判定）,人工判定！, | F92: =IFERROR(IF(FIND("开",F91,1),"开","关"),"关") -> 关 | G92: =IFERROR(IF(FIND("开",G91,1),"开","关"),"关") -> 关 | H92: =IFERROR(IF(FIND("开",H91,1),"开","关"),"关") -> 开 | K92: =IFERROR(IF(FIND("开",K91,1),"开","关"),"关") -> 关 | L92: =IFERROR(IF(FIND("开",L91,1),"开","关"),"关") -> 关 | T92: =IF(ISBLANK(A92),T91,LEFT(A92,FIND(" ",A92,1)-1)) -> 3.3.6 | U92: =TEXT(O92,"0.00")=TEXT(R92,"0.00") -> TRUE
A93: 3.4.1 to 3.4.5 Capping/封端 | B93: Add 554.45 kg DMF (8.53W, 9.0Vol) by spray balls into synthesis reactor TJ4S-1213-Sy16. Turn on the nitrogen of synthesis reactor to 8.5±4m³/h (target: 8.5 m³/h). Bubble with nitrogen for 5±2min (target: 5min), start the agitator of synthesis reactor to 20±10rpm (target: 20 rpm). Add methanol (10.00eq) through peristaltic pump into synthesis reactor TJ4S-1213-Sy16. Adjust the internal temperature to 17~23℃(Target:20℃). Add DIPEA ( 5.00eq) (reference rate of 20~40 kg/h) into synthesis reactor TJ4S-1213-Sy16 at【17~23℃】（Target:20 ℃）. Adjust synthesis reactor TJ4S-1213-Sy16 internal temperature to 25±5 ℃ (target: 25 ℃) after addition.The mixture is allowed to react at internal temperature 25±5℃ (target: 25℃), start timing when temperature reaches 20℃) for 60min±30min (target: 60min), Start draining the solution from synthesis reactor with diaphragm pump. Drain until there is no drip, the operator visually confirms the draining end point. 通过淋洗球向合成釜TJ4S-1213-Sy16中加入554.45 kg N,N-二甲基甲酰胺（8.53W, 9Vol）（Acceptable weighing range/可接受称量范围：521.18kg~587.72kg），开启合成釜下口鼓氮气，氮气流速开至8.5±4m³/h (目标流速: 8.5 m³/h)，鼓氮气5min±2min（目标时间：5min）后，开启固相合成釜搅拌转速至20±10 rpm (目标转速: 20 rpm)。 通过蠕动泵向合成釜TJ4S-1213-Sy16中加入______ kg甲醇（10.00eq）（Acceptable weighing range/可接受称量范围：______ kg~______ kg），将内温调温至17~23℃（目标温度：20℃）。控内温【17~23℃】（目标温度20℃），向合成釜TJ4S-1213-Sy16中加入_________ kg N,N-二异丙基乙胺（5.00eq）（Acceptable weighing range/可接受称量范围：_________ kg~_________kg），参考滴加速度20~40kg/h,以控内温为主。加毕，将合成釜TJ4S-1213-Sy16内温调温至25±5 ℃(目标温度：25 ℃)。控内温25±5℃（目标温度25℃，20℃开始计时），反应60min±30min（目标时间：60min），停止搅拌，关闭氮气，通过隔膜泵从合成釜中排出溶液。排液至无液体滴出，由操作人员目视确认排液终点。 | C93: Synthesis reactor/合成釜 | D93: Add DMF_SR/DMF进料 | E93: [0min]Line-》DMF->synthesis reactor, weight setting: 554.45kg [0min] 线路-》DMF->合成釜, 打料量：554.45kg | F93: =IFERROR(IF(FIND("开",F92,1),"开","关"),"关") -> 关 | G93: =IFERROR(IF(FIND("开",G92,1),"开","关"),"关") -> 关 | H93: =IFERROR(IF(FIND("开",H92,1),"开","关"),"关") -> 开 | K93: =IFERROR(IF(FIND("开",K92,1),"开","关"),"关") -> 关 | L93: =IFERROR(IF(FIND("开",L92,1),"开","关"),"关") -> 关 | M93: 1 | N93: DMF | O93: =MID(E93,FIND("setting",E93,1)+8,FIND("kg",E93,1)-FIND("setting",E93,1)-8) -> 554.45 | Q93: =SUBSTITUTE(T93&N93," ","") -> 3.4.1DMF | R93: =VLOOKUP(Q93,MOR投料表!A:L,9,FALSE) -> 554.45 | T93: =IF(ISBLANK(A93),T92,LEFT(A93,FIND(" ",A93,1)-1)) -> 3.4.1 | U93: =TEXT(O93,"0.00")=TEXT(R93,"0.00") -> TRUE
C94: Synthesis reactor/合成釜 | D94: Nitrogen_DMF/氮气吹扫-DMF | E94: [0min]Line-》Nitrogen purge-DMF->synthesis reactor: time setting: 0.1min [0min] 线路-》DMF-氮气吹扫->合成釜, 打料时间：0.1min | F94: =IFERROR(IF(FIND("开",F93,1),"开","关"),"关") -> 关 | G94: =IFERROR(IF(FIND("开",G93,1),"开","关"),"关") -> 关 | H94: =IFERROR(IF(FIND("开",H93,1),"开","关"),"关") -> 开 | K94: =IFERROR(IF(FIND("开",K93,1),"开","关"),"关") -> 关 | L94: =IFERROR(IF(FIND("开",L93,1),"开","关"),"关") -> 关 | T94: =IF(ISBLANK(A94),T93,LEFT(A94,FIND(" ",A94,1)-1)) -> 3.4.1 | U94: =TEXT(O94,"0.00")=TEXT(R94,"0.00") -> TRUE
C95: Synthesis reactor/合成釜 | D95: Bubble_SR_On/氮气鼓泡开 | E95: [0min]Nitrogen bubbling -》Flow setting: 8.5m³/h, positive pressure, pressure setting: 0.005MPa, start-up [0min] 鼓氮气-》流量:8.5m³/h, 正压, 设定压力0.005Mpa,启动 | F95: 打开 | G95: =IFERROR(IF(FIND("开",G94,1),"开","关"),"关") -> 关 | H95: =IFERROR(IF(FIND("开",H94,1),"开","关"),"关") -> 开 | K95: =IFERROR(IF(FIND("开",K94,1),"开","关"),"关") -> 关 | L95: =IFERROR(IF(FIND("开",L94,1),"开","关"),"关") -> 关 | T95: =IF(ISBLANK(A95),T94,LEFT(A95,FIND(" ",A95,1)-1)) -> 3.4.1
C96: Synthesis reactor/合成釜 | D96: Stir_SR_On/搅拌开 | E96: [5min]synthesis reactor agitator-》Speed setting: 20r/min, start-up [5min] 合成釜搅拌机-》转速：20r/min,启动 | F96: =IFERROR(IF(FIND("开",F95,1),"开","关"),"关") -> 开 | G96: 打开 | H96: =IFERROR(IF(FIND("开",H95,1),"开","关"),"关") -> 开 | K96: =IFERROR(IF(FIND("开",K95,1),"开","关"),"关") -> 关 | L96: =IFERROR(IF(FIND("开",L95,1),"开","关"),"关") -> 关 | T96: =IF(ISBLANK(A96),T95,LEFT(A96,FIND(" ",A96,1)-1)) -> 3.4.1
C97: Synthesis reactor/合成釜 | D97: TCT_SR/温控计时-加甲醇 | E97: [0min]Temperature control timing of synthesis reactor-》Temperature range setting: 0-30℃, time setting: 9999min. Over-temperature warning L/H limit: 2/28℃ [0min] 合成釜:温控计时反应-》温度区间0-30℃环境下反应9999min.预警下限/上限2/28℃ | F97: =IFERROR(IF(FIND("开",F96,1),"开","关"),"关") -> 开 | G97: =IFERROR(IF(FIND("开",G96,1),"开","关"),"关") -> 开 | H97: =IFERROR(IF(FIND("开",H96,1),"开","关"),"关") -> 开 | K97: =IFERROR(IF(FIND("开",K96,1),"开","关"),"关") -> 关 | L97: =IFERROR(IF(FIND("开",L96,1),"开","关"),"关") -> 关 | T97: =IF(ISBLANK(A97),T96,LEFT(A97,FIND(" ",A97,1)-1)) -> 3.4.1
C98: Synthesis reactor/合成釜 | D98: TCT_SR/确认达到温度范围 | E98: [0min]Temperature control timing of synthesis reactor-》Temperature range setting: 17-20℃, time setting: 0.1min. Over-temperature warning L/H limit: 18/20℃ [0min] 合成釜:温控计时反应-》温度区间17-20℃环境下反应0.1min.预警下限/上限18/20℃ | F98: =IFERROR(IF(FIND("开",F97,1),"开","关"),"关") -> 开 | G98: =IFERROR(IF(FIND("开",G97,1),"开","关"),"关") -> 开 | H98: =IFERROR(IF(FIND("开",H97,1),"开","关"),"关") -> 开 | K98: =IFERROR(IF(FIND("开",K97,1),"开","关"),"关") -> 关 | L98: =IFERROR(IF(FIND("开",L97,1),"开","关"),"关") -> 关 | T98: =IF(ISBLANK(A98),T97,LEFT(A98,FIND(" ",A98,1)-1)) -> 3.4.1
C99: Synthesis reactor/合成釜 | D99: TCT_SR/温控计时-加DIPEA | E99: [0min]Temperature control timing of synthesis reactor-》Temperature range setting: 17-23℃, time setting: 9999min. Over-temperature warning L/H limit: 18/22℃ [0min] 合成釜:温控计时反应-》温度区间17-23℃环境下反应9999min.预警下限/上限18/22℃ | F99: =IFERROR(IF(FIND("开",F98,1),"开","关"),"关") -> 开 | G99: =IFERROR(IF(FIND("开",G98,1),"开","关"),"关") -> 开 | H99: =IFERROR(IF(FIND("开",H98,1),"开","关"),"关") -> 开 | K99: =IFERROR(IF(FIND("开",K98,1),"开","关"),"关") -> 关 | L99: =IFERROR(IF(FIND("开",L98,1),"开","关"),"关") -> 关 | T99: =IF(ISBLANK(A99),T98,LEFT(A99,FIND(" ",A99,1)-1)) -> 3.4.1
C100: Synthesis reactor/合成釜 | D100: JTR_SR_Off/保温关 | E100: [0min]The jacket temperature of synthesis reactor-》Type: maintain, the jacket inlet temperature setting: 17℃, shutdown [0min] 合成釜:控温-》类型：保温, 夹套进口温度设定值:17℃,停止 | F100: =IFERROR(IF(FIND("开",F99,1),"开","关"),"关") -> 开 | G100: =IFERROR(IF(FIND("开",G99,1),"开","关"),"关") -> 开 | H100: 关闭 | K100: =IFERROR(IF(FIND("开",K99,1),"开","关"),"关") -> 关 | L100: =IFERROR(IF(FIND("开",L99,1),"开","关"),"关") -> 关 | T100: =IF(ISBLANK(A100),T99,LEFT(A100,FIND(" ",A100,1)-1)) -> 3.4.1
...

Sheet 树脂信息
A1: 103.35 | B1: Raw Material Name/ | C1: Standard Batch Qty/ | D1: Standard Batch Amount of Substance/ | E1: Weighing accuracy/ | F1: Acceptable weighing range/ | G1: Qty Charged/ | J1: 黄色底纹需录入
A2: 操作指令编号 | B2: 原料名称 | C2: 标准投料量（kg） | D2: 投料总摩尔量（mol） | E2: 称量精确度 | F2: 可接受称量范围（kg） | G2: 实际投料量 | J2: 绿色底纹自动生成
G3: （kg） | J3: 固定用量，根据所选反应釜体积修改
A4: 1.1/3.1.1* | B4: Sieber Amide resin/ Sieber树脂 | C4: 65 | D4: =ROUND(C4*B8,2) -> 102.7 | E4: ±0.2% | J4: 特殊要求
B5: Raw Material of Substitution/取代度 （mmol/g） | D5: Entered by & Date/ 填写人及日期： | F5: =C4-ROUND(C4*0.002,2) -> 64.87
B8: 1.58 | F8: ~
D11: Reviewed by & Date/ 复核人及日期： | F11: =C4+ROUND(C4*0.002,2) -> 65.13
A15: .
A17: Non-Limiting material/非基准物料：

Sheet 氨基酸和溶剂信息
B1: Operation Instruction No.操作指令编号 | C1: Raw Material Name原料名称 | D1: Mol. Wt. of material/原料分子量 | E1: Density/密度（g/cm3） | F1: Mol Ratio to limiting material/与基准原料摩尔比 | G1: Qty Ratio to limiting material/ 与基准原料质量比 | H1: Standard Batch Qty标准投料量*（kg） | I1: Weighing accuracy/称量精确度 | J1: Acceptable weighing range 可接受称量范围（kg） | L1: Qty Charged实际投料量（Kg） | M1: 投料上下限误差 | N1: MOR当量 | O1: Molar Eqyivalent/摩尔当量 | P1: 体积比 | Q1: 文本 | T1: 公式 | U1: 序号 | W1: 计划量文本 | X1: 辅助1 | Y1: 辅助2 | Z1: 计划量公式 | AB1: 分装文本 | AC1: 投料顺序文本
A2: =IFERROR(SUBSTITUTE(IFERROR(MID(B2,FIND("/",B2,1)+1,LEN(B2)),B2)&LEFT(C2,FIND("/",C2,1)-1)," ",""),"") -> 3DMF | B2: 3 | C2: DMF/N, N-二甲基甲酰胺 | D2: 73.1 | E2: 0.948 | F2: - | G2: 5.69 | H2: =TEXT(ROUND(G2*树脂信息!$C$4,2),"0.00") -> 369.85 | I2: ±6% | J2: =TEXT(ROUND(H2*0.94,2),"0.00")&"~"&TEXT(ROUND(H2*1.06,2),"0.00") -> 347.66~392.04 | P2: 6
A3: =IFERROR(SUBSTITUTE(IFERROR(MID(B3,FIND("/",B3,1)+1,LEN(B3)),B3)&LEFT(C3,FIND("/",C3,1)-1)," ",""),"") -> 3DMF | B3: 3 | C3: DMF/N, N-二甲基甲酰胺 | D3: 73.1 | E3: 0.948 | F3: - | G3: 5.69 | H3: =TEXT(ROUND(G3*树脂信息!$C$4,2),"0.00") -> 369.85 | I3: ±6% | J3: =TEXT(ROUND(H3*0.94,2),"0.00")&"~"&TEXT(ROUND(H3*1.06,2),"0.00") -> 347.66~392.04 | P3: 6
A4: =IFERROR(SUBSTITUTE(IFERROR(MID(B4,FIND("/",B4,1)+1,LEN(B4)),B4)&LEFT(C4,FIND("/",C4,1)-1)," ",""),"") -> 3.1.3DMF | B4: 3.1.3 | C4: DMF/N, N-二甲基甲酰胺 | D4: 73.1 | E4: 0.948 | F4: - | G4: 7.58 | H4: =TEXT(ROUND(G4*树脂信息!$C$4,2),"0.00") -> 492.70 | I4: ±6% | J4: =TEXT(ROUND(H4*0.94,2),"0.00")&"~"&TEXT(ROUND(H4*1.06,2),"0.00") -> 463.14~522.26 | P4: 8
A5: =IFERROR(SUBSTITUTE(IFERROR(MID(B5,FIND("/",B5,1)+1,LEN(B5)),B5)&LEFT(C5,FIND("/",C5,1)-1)," ",""),"") -> 3.1.6DMF | B5: 3.1.6 | C5: DMF/N, N-二甲基甲酰胺 | D5: 73.1 | E5: 0.948 | F5: - | G5: 5.69 | H5: =TEXT(ROUND(G5*树脂信息!$C$4,2),"0.00") -> 369.85 | I5: ±5% | J5: =TEXT(ROUND(H5*0.95,2),"0.00")&"~"&TEXT(ROUND(H5*1.05,2),"0.00") -> 351.36~388.34 | P5: 6
A6: =IFERROR(SUBSTITUTE(IFERROR(MID(B6,FIND("/",B6,1)+1,LEN(B6)),B6)&LEFT(C6,FIND("/",C6,1)-1)," ",""),"") -> 3.1.7Fmoc-Gly-OH | B6: 1.2/3.1.7 | C6: Fmoc-Gly-OH/芴甲氧羰基-甘氨酸 | D6: 297.31 | E6: - | F6: =O6 -> 2.25 | G6: - | H6: =ROUND(O6*D6/1000*树脂信息!$D$4,2) -> 68.7 | I6: ±3.0% | J6: =TEXT(ROUND(H6*0.97,2),"0.00")&"~"&TEXT(ROUND(H6*1.03,2),"0.00") -> 66.64~70.76 | K6: =ROUND(H6*0.03,2) -> 2.06 | M6: =(H6-H6*0.97)+(H6-H6*1.03) -> 0 | N6: 2.25 | O6: 2.25 | Q6: ="Ins "&B6&" The standard batch Qty of "&LEFT(C6,FIND("/",C6,1)-1)&"/操作"&LEFT(B6,FIND("/",B6,1)-1)&"（用于Ins."&MID(B6,FIND("/",B6,1)+1,100)&"）"&MID(C6,FIND("/",C6,1)+1,100)&"标准投料量" -> Ins 1.2/3.1.7 The standard batch Qty of Fmoc-Gly-OH/操作1.2（用于Ins.3.1.7）芴甲氧羰基-甘氨酸标准投料量 | R6: sclRoundMV(convertToMeasuredValue( convertTo(PH:{Standard Batch Moles/投料总摩尔量}.{1 Value},"mol")* | S6: ,"kg"),2,"HALF_UP") | T6: =R6&#REF!&S6 -> #REF! | U6: =COUNTIF(#REF!,_xlfn.IFNA(S6,#REF!))+1 -> #REF! | V6: =U6-1 -> #REF! | W6: ="Update Ins "&MID(B6,FIND("/",B6,1)+1,100)&" plan qty of "&LEFT(C6,FIND("/",C6,1)-1)&"/更新操作"&MID(B6,FIND("/",B6,1)+1,100)&" "&MID(C6,FIND("/",C6,1)+1,100)&"计划量" -> Update Ins 3.1.7 plan qty of Fmoc-Gly-OH/更新操作3.1.7 芴甲氧羰基-甘氨酸计划量 | X6: updateWeighingPlanQuantity(" | Y6: -1", PH:{Standard batch Qty calculation/标准投料量计算-01}.{ | Z6: =X6&MID(B6,FIND("/",B6,1)+1,100)&Y6&U6&" Value})" -> #REF! | AB6: ="Ins "&LEFT(B6,FIND("/",B6,1)-1)&" Dispense "&LEFT(C6,FIND("/",C6,1)-1)&"/分装"&MID(C6,FIND("/",C6,1)+1,100) -> Ins 1.2 Dispense Fmoc-Gly-OH/分装芴甲氧羰基-甘氨酸 | AC6: =MID(B6,FIND("/",B6,1)+1,100)&" "&C6 -> 3.1.7 Fmoc-Gly-OH/芴甲氧羰基-甘氨酸
A7: =IFERROR(SUBSTITUTE(IFERROR(MID(B7,FIND("/",B7,1)+1,LEN(B7)),B7)&LEFT(C7,FIND("/",C7,1)-1)," ",""),"") -> 3.1.8DMF | B7: 3.1.8 | C7: DMF/N, N-二甲基甲酰胺 | D7: 73.1 | E7: 0.948 | F7: - | G7: 0.95 | H7: =TEXT(ROUND(G7*树脂信息!$C$4,2),"0.00") -> 61.75 | I7: ±6% | J7: =TEXT(ROUND(H7*0.94,2),"0.00")&"~"&TEXT(ROUND(H7*1.06,2),"0.00") -> 58.05~65.46 | P7: 1
A8: =IFERROR(SUBSTITUTE(IFERROR(MID(B8,FIND("/",B8,1)+1,LEN(B8)),B8)&LEFT(C8,FIND("/",C8,1)-1)," ",""),"") -> 3.1.9DMF | B8: 3.1.9 | C8: DMF/N, N-二甲基甲酰胺 | D8: 73.1 | E8: 0.948 | F8: - | G8: 4.74 | H8: =TEXT(ROUND(G8*树脂信息!$C$4,2),"0.00") -> 308.10 | I8: ±6% | J8: =TEXT(ROUND(H8*0.94,2),"0.00")&"~"&TEXT(ROUND(H8*1.06,2),"0.00") -> 289.61~326.59 | P8: 5
A9: =IFERROR(SUBSTITUTE(IFERROR(MID(B9,FIND("/",B9,1)+1,LEN(B9)),B9)&LEFT(C9,FIND("/",C9,1)-1)," ",""),"") -> 3.2.1DIPEA | B9: 3.2.1 | C9: DIPEA/N,N-二异丙基乙胺 | D9: 129.24 | E9: - | F9: =O9 -> 6 | G9: - | H9: =ROUND(O9*D9/1000*树脂信息!$D$4,2) -> 79.64 | I9: ±3.0% | J9: =TEXT(ROUND(H9*0.97,2),"0.00")&"~"&TEXT(ROUND(H9*1.03,2),"0.00") -> 77.25~82.03 | K9: =ROUND(H9*0.03,2) -> 2.39 | M9: =(H9-H9*0.97)+(H9-H9*1.03) -> 0 | N9: 6 | O9: 6
A10: =IFERROR(SUBSTITUTE(IFERROR(MID(B10,FIND("/",B10,1)+1,LEN(B10)),B10)&LEFT(C10,FIND("/",C10,1)-1)," ",""),"") -> 3.3.2DMF | B10: 3.3.2 | C10: DMF/N, N-二甲基甲酰胺 | D10: 73.1 | E10: 0.948 | F10: - | G10: 0.95 | H10: =TEXT(ROUND(G10*树脂信息!$C$4,2),"0.00") -> 61.75 | I10: ±6% | J10: =TEXT(ROUND(H10*0.94,2),"0.00")&"~"&TEXT(ROUND(H10*1.06,2),"0.00") -> 58.05~65.46 | P10: 1
A11: =IFERROR(SUBSTITUTE(IFERROR(MID(B11,FIND("/",B11,1)+1,LEN(B11)),B11)&LEFT(C11,FIND("/",C11,1)-1)," ",""),"") -> 3.3.6DMF | B11: 3.3.6 | C11: DMF/N, N-二甲基甲酰胺 | D11: 73.1 | E11: 0.948 | F11: - | G11: 7.58 | H11: =TEXT(ROUND(G11*树脂信息!$C$4,2),"0.00") -> 492.70 | I11: ±6% | J11: =TEXT(ROUND(H11*0.94,2),"0.00")&"~"&TEXT(ROUND(H11*1.06,2),"0.00") -> 463.14~522.26 | L11: See below/见下行 | P11: 8
D12: Qty Charged/实际投料量（kg）：1st： kg；2nd： kg；3rd： kg； | Q12: 缺少激活罐洗涤
A13: =IFERROR(SUBSTITUTE(IFERROR(MID(B13,FIND("/",B13,1)+1,LEN(B13)),B13)&LEFT(C13,FIND("/",C13,1)-1)," ",""),"") -> 3.4.1DMF | B13: 3.4.1 | C13: DMF/N, N-二甲基甲酰胺 | D13: 73.1 | E13: 0.948 | F13: - | G13: 8.53 | H13: =TEXT(ROUND(G13*树脂信息!$C$4,2),"0.00") -> 554.45 | I13: ±6% | J13: =TEXT(ROUND(H13*0.94,2),"0.00")&"~"&TEXT(ROUND(H13*1.06,2),"0.00") -> 521.18~587.72 | P13: 9
A14: =IFERROR(SUBSTITUTE(IFERROR(MID(B14,FIND("/",B14,1)+1,LEN(B14)),B14)&LEFT(C14,FIND("/",C14,1)-1)," ",""),"") -> 3.4.2Methanol | B14: 3.4.2 | C14: Methanol/甲醇 | D14: 32.01 | E14: - | F14: =O14 -> 10 | G14: - | H14: =ROUND(O14*D14/1000*树脂信息!$D$4,2) -> 32.87 | I14: ±3.0% | J14: =TEXT(ROUND(H14*0.97,2),"0.00")&"~"&TEXT(ROUND(H14*1.03,2),"0.00") -> 31.88~33.86 | K14: =ROUND(H14*0.03,2) -> 0.99 | M14: =(H14-H14*0.97)+(H14-H14*1.03) -> 0 | N14: 10 | O14: 10 | Q14: ="Ins "&B14&" The standard batch Qty of "&LEFT(C14,FIND("/",C14,1)-1)&"/操作"&B14&" "&MID(C14,FIND("/",C14,1)+1,100)&"标准投料量" -> Ins 3.4.2 The standard batch Qty of Methanol/操作3.4.2 甲醇标准投料量 | R14: sclRoundMV(convertToMeasuredValue( convertTo(PH:{Standard Batch Moles/投料总摩尔量}.{1 Value},"mol")* | S14: ,"kg"),2,"HALF_UP") | T14: =R14&#REF!&S14 -> #REF! | U14: =COUNTIF($S$9:S14,_xlfn.IFNA(S14,$S$9:S14))+1 -> 2 | V14: =U14-1 -> 1 | W14: ="Update Ins "&B14&" plan qty of "&LEFT(C14,FIND("/",C14,1)-1)&"/更新操作"&B14&" "&MID(C14,FIND("/",C14,1)+1,100)&"计划量" -> Update Ins 3.4.2 plan qty of Methanol/更新操作3.4.2 甲醇计划量 | X14: updateWeighingPlanQuantity(" | Y14: -1", PH:{Standard batch Qty calculation/标准投料量计算-01}.{ | Z14: =X14&B14&Y14&U14&" Value})" -> updateWeighingPlanQuantity("3.4.2-1", PH:{Standard batch Qty calculation/标准投料量计算-01}.{2 Value}) | AB14: ="Ins "&B14&" Weighing of "&LEFT(C14,FIND("/",C14,1)-1)&"/"&MID(C14,FIND("/",C14,1)+1,100)&"称重" -> Ins 3.4.2 Weighing of Methanol/甲醇称重
A15: =IFERROR(SUBSTITUTE(IFERROR(MID(B15,FIND("/",B15,1)+1,LEN(B15)),B15)&LEFT(C15,FIND("/",C15,1)-1)," ",""),"") -> 3.4.3DIPEA | B15: 3.4.3 | C15: DIPEA/N,N-二异丙基乙胺 | D15: 129.24 | E15: - | F15: =O15 -> 5 | G15: - | H15: =ROUND(O15*D15/1000*树脂信息!$D$4,2) -> 66.36 | I15: ±3.0% | J15: =TEXT(ROUND(H15*0.97,2),"0.00")&"~"&TEXT(ROUND(H15*1.03,2),"0.00") -> 64.37~68.35 | K15: =ROUND(H15*0.03,2) -> 1.99 | M15: =(H15-H15*0.97)+(H15-H15*1.03) -> 0 | N15: 5 | O15: 5 | Q15: ="Ins "&B15&" The standard batch Qty of "&LEFT(C15,FIND("/",C15,1)-1)&"/操作"&B15&" "&MID(C15,FIND("/",C15,1)+1,100)&"标准投料量" -> Ins 3.4.3 The standard batch Qty of DIPEA/操作3.4.3 N,N-二异丙基乙胺标准投料量 | R15: sclRoundMV(convertToMeasuredValue( convertTo(PH:{Standard Batch Moles/投料总摩尔量}.{1 Value},"mol")* | S15: ,"kg"),2,"HALF_UP") | T15: =R15&#REF!&S15 -> #REF! | U15: =COUNTIF($S$9:S15,_xlfn.IFNA(S15,$S$9:S15))+1 -> 3 | V15: =U15-1 -> 2 | W15: ="Update Ins "&B15&" plan qty of "&LEFT(C15,FIND("/",C15,1)-1)&"/更新操作"&B15&" "&MID(C15,FIND("/",C15,1)+1,100)&"计划量" -> Update Ins 3.4.3 plan qty of DIPEA/更新操作3.4.3 N,N-二异丙基乙胺计划量 | X15: updateWeighingPlanQuantity(" | Y15: -3", PH:{Standard batch Qty calculation/标准投料量计算-01}.{ | Z15: =X15&B15&Y15&U15&" Value})" -> updateWeighingPlanQuantity("3.4.3-3", PH:{Standard batch Qty calculation/标准投料量计算-01}.{3 Value}) | AB15: ="Ins "&B15&" Weighing of "&LEFT(C15,FIND("/",C15,1)-1)&"/"&MID(C15,FIND("/",C15,1)+1,100)&"称重" -> Ins 3.4.3 Weighing of DIPEA/N,N-二异丙基乙胺称重
A16: =IFERROR(SUBSTITUTE(IFERROR(MID(B16,FIND("/",B16,1)+1,LEN(B16)),B16)&LEFT(C16,FIND("/",C16,1)-1)," ",""),"") -> 3.4.6DMF | B16: 3.4.6 | C16: DMF/N, N-二甲基甲酰胺 | D16: 73.1 | E16: 0.948 | F16: - | G16: 7.58 | H16: =TEXT(ROUND(G16*树脂信息!$C$4,2),"0.00") -> 492.70 | I16: ±6% | J16: =TEXT(ROUND(H16*0.94,2),"0.00")&"~"&TEXT(ROUND(H16*1.06,2),"0.00") -> 463.14~522.26 | L16: See below/见下行 | P16: 8
A17: =IFERROR(SUBSTITUTE(IFERROR(MID(B17,FIND("/",B17,1)+1,LEN(B17)),B17)&LEFT(C17,FIND("/",C17,1)-1)," ",""),"") | D17: Qty Charged/实际投料量（kg）：1st： kg；2nd： kg；3rd： kg； | Q17: 缺少激活罐洗涤
A18: =IFERROR(SUBSTITUTE(IFERROR(MID(B18,FIND("/",B18,1)+1,LEN(B18)),B18)&LEFT(C18,FIND("/",C18,1)-1)," ",""),"") | B18: （2）Fmoc-L-Thr(tBu)-OH/芴甲氧羰基-叔丁基-L-苏氨酸
A19: =IFERROR(SUBSTITUTE(IFERROR(MID(B19,FIND("/",B19,1)+1,LEN(B19)),B19)&LEFT(C19,FIND("/",C19,1)-1)," ",""),"") -> 3.5.120%piperidinesolution | B19: 3.5.1 | C19: 20% piperidine solution/20%哌啶溶液 | D19: - | E19: 0.931 | F19: - | G19: 7.44 | H19: =TEXT(ROUND(G19*树脂信息!$C$4,2),"0.00") -> 483.60 | I19: ±6% | J19: =TEXT(ROUND(H19*0.94,2),"0.00")&"~"&TEXT(ROUND(H19*1.06,2),"0.00") -> 454.58~512.62 | L19: See below/见下行 | P19: 8 | Q19: 20%哌啶溶液密度待确认
A20: =IFERROR(SUBSTITUTE(IFERROR(MID(B20,FIND("/",B20,1)+1,LEN(B20)),B20)&LEFT(C20,FIND("/",C20,1)-1)," ",""),"") -> 3.5.4IPAC | B20: 3.5.4 | C20: IPAC/乙酸异丙酯 | E20: 0.873 | F20: - | G20: 6.98 | H20: =TEXT(ROUND(G20*树脂信息!$C$4,2),"0.00") -> 453.70 | I20: ±6% | J20: =TEXT(ROUND(H20*0.94,2),"0.00")&"~"&TEXT(ROUND(H20*1.06,2),"0.00") -> 426.48~480.92 | L20: See below/见下行 | P20: 8
A21: =IFERROR(SUBSTITUTE(IFERROR(MID(B21,FIND("/",B21,1)+1,LEN(B21)),B21)&LEFT(C21,FIND("/",C21,1)-1)," ",""),"") | D21: Qty Charged/实际投料量（kg）：1st： kg；2nd： kg；3rd： kg；4th： kg；
A22: =IFERROR(SUBSTITUTE(IFERROR(MID(B22,FIND("/",B22,1)+1,LEN(B22)),B22)&LEFT(C22,FIND("/",C22,1)-1)," ",""),"") -> 3.5.5DMF | B22: 3.5.5 | C22: DMF/N, N-二甲基甲酰胺 | D22: 73.1 | E22: 0.948 | F22: - | G22: 7.58 | H22: =TEXT(ROUND(G22*树脂信息!$C$4,2),"0.00") -> 492.70 | I22: ±6% | J22: =TEXT(ROUND(H22*0.94,2),"0.00")&"~"&TEXT(ROUND(H22*1.06,2),"0.00") -> 463.14~522.26 | P22: 8
A23: =IFERROR(SUBSTITUTE(IFERROR(MID(B23,FIND("/",B23,1)+1,LEN(B23)),B23)&LEFT(C23,FIND("/",C23,1)-1)," ",""),"") -> 3.5.7DMF | B23: 3.5.7 | C23: DMF/N, N-二甲基甲酰胺 | D23: 73.1 | E23: 0.948 | F23: - | G23: 7.58 | H23: =TEXT(ROUND(G23*树脂信息!$C$4,2),"0.00") -> 492.70 | I23: ±6% | J23: =TEXT(ROUND(H23*0.94,2),"0.00")&"~"&TEXT(ROUND(H23*1.06,2),"0.00") -> 463.14~522.26 | P23: 8
A24: =IFERROR(SUBSTITUTE(IFERROR(MID(B24,FIND("/",B24,1)+1,LEN(B24)),B24)&LEFT(C24,FIND("/",C24,1)-1)," ",""),"") -> 3.6.1DMF | B24: 3.6.1 | C24: DMF/N, N-二甲基甲酰胺 | D24: 73.1 | E24: 0.948 | F24: - | G24: 3.79 | H24: =TEXT(ROUND(G24*树脂信息!$C$4,2),"0.00") -> 246.35 | I24: ±5% | J24: =TEXT(ROUND(H24*0.95,2),"0.00")&"~"&TEXT(ROUND(H24*1.05,2),"0.00") -> 234.03~258.67 | P24: 4
A25: =IFERROR(SUBSTITUTE(IFERROR(MID(B25,FIND("/",B25,1)+1,LEN(B25)),B25)&LEFT(C25,FIND("/",C25,1)-1)," ",""),"") -> 3.6.2Fmoc-L-Thr(tBu)-OH | B25: 1.3/3.6.2 | C25: Fmoc-L-Thr(tBu)-OH/芴甲氧羰基-叔丁基-L-苏氨酸 | D25: 397.46 | E25: - | F25: =O25 -> 2 | G25: - | H25: =ROUND(O25*D25/1000*树脂信息!$D$4,2) -> 81.64 | I25: ±3.0% | J25: =TEXT(ROUND(H25*0.97,2),"0.00")&"~"&TEXT(ROUND(H25*1.03,2),"0.00") -> 79.19~84.09 | K25: =ROUND(H25*0.03,2) -> 2.45 | M25: =(H25-H25*0.97)+(H25-H25*1.03) -> 0 | N25: 2 | O25: 2 | Q25: ="Ins "&B25&" The standard batch Qty of "&LEFT(C25,FIND("/",C25,1)-1)&"/操作"&LEFT(B25,FIND("/",B25,1)-1)&"（用于Ins."&MID(B25,FIND("/",B25,1)+1,100)&"）"&MID(C25,FIND("/",C25,1)+1,100)&"标准投料量" -> Ins 1.3/3.6.2 The standard batch Qty of Fmoc-L-Thr(tBu)-OH/操作1.3（用于Ins.3.6.2）芴甲氧羰基-叔丁基-L-苏氨酸标准投料量 | R25: sclRoundMV(convertToMeasuredValue( convertTo(PH:{Standard Batch Moles/投料总摩尔量}.{1 Value},"mol")* | S25: ,"kg"),2,"HALF_UP") | T25: =R25&#REF!&S25 -> #REF! | U25: =COUNTIF($S$9:S25,_xlfn.IFNA(S25,$S$9:S25))+1 -> 4 | V25: =U25-1 -> 3 | W25: ="Update Ins "&MID(B25,FIND("/",B25,1)+1,100)&" plan qty of "&LEFT(C25,FIND("/",C25,1)-1)&"/更新操作"&MID(B25,FIND("/",B25,1)+1,100)&" "&MID(C25,FIND("/",C25,1)+1,100)&"计划量" -> Update Ins 3.6.2 plan qty of Fmoc-L-Thr(tBu)-OH/更新操作3.6.2 芴甲氧羰基-叔丁基-L-苏氨酸计划量 | X25: updateWeighingPlanQuantity(" | Y25: -1", PH:{Standard batch Qty calculation/标准投料量计算-01}.{ | Z25: =X25&MID(B25,FIND("/",B25,1)+1,100)&Y25&U25&" Value})" -> updateWeighingPlanQuantity("3.6.2-1", PH:{Standard batch Qty calculation/标准投料量计算-01}.{4 Value}) | AB25: ="Ins "&LEFT(B25,FIND("/",B25,1)-1)&" Dispense "&LEFT(C25,FIND("/",C25,1)-1)&"/分装"&MID(C25,FIND("/",C25,1)+1,100) -> Ins 1.3 Dispense Fmoc-L-Thr(tBu)-OH/分装芴甲氧羰基-叔丁基-L-苏氨酸 | AC25: =MID(B25,FIND("/",B25,1)+1,100)&" "&C25 -> 3.6.2 Fmoc-L-Thr(tBu)-OH/芴甲氧羰基-叔丁基-L-苏氨酸
A26: =IFERROR(SUBSTITUTE(IFERROR(MID(B26,FIND("/",B26,1)+1,LEN(B26)),B26)&LEFT(C26,FIND("/",C26,1)-1)," ",""),"") -> 3.6.4PyBOP | B26: 1.4/3.6.4 | C26: PyBOP/1H-苯并三唑-1-基氧三吡咯烷基六氟磷酸盐 | D26: 520.39 | E26: - | F26: =O26 -> 2 | G26: - | H26: =ROUND(O26*D26/1000*树脂信息!$D$4,2) -> 106.89 | I26: ±3.0% | J26: =TEXT(ROUND(H26*0.97,2),"0.00")&"~"&TEXT(ROUND(H26*1.03,2),"0.00") -> 103.68~110.10 | K26: =ROUND(H26*0.03,2) -> 3.21 | M26: =(H26-H26*0.97)+(H26-H26*1.03) -> 0 | N26: 2 | O26: 2 | Q26: ="Ins "&B26&" The standard batch Qty of "&LEFT(C26,FIND("/",C26,1)-1)&"/操作"&LEFT(B26,FIND("/",B26,1)-1)&"（用于Ins."&MID(B26,FIND("/",B26,1)+1,100)&"）"&MID(C26,FIND("/",C26,1)+1,100)&"标准投料量" -> Ins 1.4/3.6.4 The standard batch Qty of PyBOP/操作1.4（用于Ins.3.6.4）1H-苯并三唑-1-基氧三吡咯烷基六氟磷酸盐标准投料量 | R26: sclRoundMV(convertToMeasuredValue( convertTo(PH:{Standard Batch Moles/投料总摩尔量}.{1 Value},"mol")* | S26: ,"kg"),2,"HALF_UP") | T26: =R26&#REF!&S26 -> #REF! | U26: =COUNTIF($S$9:S26,_xlfn.IFNA(S26,$S$9:S26))+1 -> 5 | V26: =U26-1 -> 4 | W26: ="Update Ins "&MID(B26,FIND("/",B26,1)+1,100)&" plan qty of "&LEFT(C26,FIND("/",C26,1)-1)&"/更新操作"&MID(B26,FIND("/",B26,1)+1,100)&" "&MID(C26,FIND("/",C26,1)+1,100)&"计划量" -> Update Ins 3.6.4 plan qty of PyBOP/更新操作3.6.4 1H-苯并三唑-1-基氧三吡咯烷基六氟磷酸盐计划量 | X26: updateWeighingPlanQuantity(" | Y26: -1", PH:{Standard batch Qty calculation/标准投料量计算-01}.{ | Z26: =X26&MID(B26,FIND("/",B26,1)+1,100)&Y26&U26&" Value})" -> updateWeighingPlanQuantity("3.6.4-1", PH:{Standard batch Qty calculation/标准投料量计算-01}.{5 Value}) | AB26: ="Ins "&LEFT(B26,FIND("/",B26,1)-1)&" Dispense "&LEFT(C26,FIND("/",C26,1)-1)&"/分装"&MID(C26,FIND("/",C26,1)+1,100) -> Ins 1.4 Dispense PyBOP/分装1H-苯并三唑-1-基氧三吡咯烷基六氟磷酸盐 | AC26: =MID(B26,FIND("/",B26,1)+1,100)&" "&C26 -> 3.6.4 PyBOP/1H-苯并三唑-1-基氧三吡咯烷基六氟磷酸盐
A27: =IFERROR(SUBSTITUTE(IFERROR(MID(B27,FIND("/",B27,1)+1,LEN(B27)),B27)&LEFT(C27,FIND("/",C27,1)-1)," ",""),"") -> 3.6.5Oxymapure | B27: 1.5/3.6.5 | C27: Oxyma pure/2-肟氰乙酸乙酯 | D27: 142.11 | E27: - | F27: =O27 -> 2 | G27: - | H27: =ROUND(O27*D27/1000*树脂信息!$D$4,2) -> 29.19 | I27: ±3.0% | J27: =TEXT(ROUND(H27*0.97,2),"0.00")&"~"&TEXT(ROUND(H27*1.03,2),"0.00") -> 28.31~30.07 | K27: =ROUND(H27*0.03,2) -> 0.88 | M27: =(H27-H27*0.97)+(H27-H27*1.03) -> 0 | N27: 2 | O27: 2 | Q27: ="Ins "&B27&" The standard batch Qty of "&LEFT(C27,FIND("/",C27,1)-1)&"/操作"&LEFT(B27,FIND("/",B27,1)-1)&"（用于Ins."&MID(B27,FIND("/",B27,1)+1,100)&"）"&MID(C27,FIND("/",C27,1)+1,100)&"标准投料量" -> Ins 1.5/3.6.5 The standard batch Qty of Oxyma pure/操作1.5（用于Ins.3.6.5）2-肟氰乙酸乙酯标准投料量 | R27: sclRoundMV(convertToMeasuredValue( convertTo(PH:{Standard Batch Moles/投料总摩尔量}.{1 Value},"mol")* | S27: ,"kg"),2,"HALF_UP") | T27: =R27&#REF!&S27 -> #REF! | U27: =COUNTIF($S$9:S27,_xlfn.IFNA(S27,$S$9:S27))+1 -> 6 | V27: =U27-1 -> 5 | W27: ="Update Ins "&MID(B27,FIND("/",B27,1)+1,100)&" plan qty of "&LEFT(C27,FIND("/",C27,1)-1)&"/更新操作"&MID(B27,FIND("/",B27,1)+1,100)&" "&MID(C27,FIND("/",C27,1)+1,100)&"计划量" -> Update Ins 3.6.5 plan qty of Oxyma pure/更新操作3.6.5 2-肟氰乙酸乙酯计划量 | X27: updateWeighingPlanQuantity(" | Y27: -3", PH:{Standard batch Qty calculation/标准投料量计算-01}.{ | Z27: =X27&MID(B27,FIND("/",B27,1)+1,100)&Y27&U27&" Value})" -> updateWeighingPlanQuantity("3.6.5-3", PH:{Standard batch Qty calculation/标准投料量计算-01}.{6 Value}) | AB27: ="Ins "&LEFT(B27,FIND("/",B27,1)-1)&" Dispense "&LEFT(C27,FIND("/",C27,1)-1)&"/分装"&MID(C27,FIND("/",C27,1)+1,100) -> Ins 1.5 Dispense Oxyma pure/分装2-肟氰乙酸乙酯 | AC27: =MID(B27,FIND("/",B27,1)+1,100)&" "&C27 -> 3.6.5 Oxyma pure/2-肟氰乙酸乙酯
A28: =IFERROR(SUBSTITUTE(IFERROR(MID(B28,FIND("/",B28,1)+1,LEN(B28)),B28)&LEFT(C28,FIND("/",C28,1)-1)," ",""),"") -> 3.6.6DMF | B28: 3.6.6 | C28: DMF/N, N-二甲基甲酰胺 | D28: 73.1 | E28: 0.948 | F28: - | G28: 0.95 | H28: =TEXT(ROUND(G28*树脂信息!$C$4,2),"0.00") -> 61.75 | I28: ±6% | J28: =TEXT(ROUND(H28*0.94,2),"0.00")&"~"&TEXT(ROUND(H28*1.06,2),"0.00") -> 58.05~65.46 | P28: 1
A29: =IFERROR(SUBSTITUTE(IFERROR(MID(B29,FIND("/",B29,1)+1,LEN(B29)),B29)&LEFT(C29,FIND("/",C29,1)-1)," ",""),"") -> 3.6.7DIPEA | B29: 3.6.7 | C29: DIPEA/N,N-二异丙基乙胺 | D29: 129.24 | E29: - | F29: =O29 -> 3 | G29: - | H29: =ROUND(O29*D29/1000*树脂信息!$D$4,2) -> 39.82 | I29: ±3.0% | J29: =TEXT(ROUND(H29*0.97,2),"0.00")&"~"&TEXT(ROUND(H29*1.03,2),"0.00") -> 38.63~41.01 | K29: =ROUND(H29*0.03,2) -> 1.19 | M29: =(H29-H29*0.97)+(H29-H29*1.03) -> 0 | N29: 3 | O29: 3 | Q29: ="Ins "&B29&" The standard batch Qty of "&LEFT(C29,FIND("/",C29,1)-1)&"/操作"&B29&MID(C29,FIND("/",C29,1)+1,100)&"标准投料量" -> Ins 3.6.7 The standard batch Qty of DIPEA/操作3.6.7N,N-二异丙基乙胺标准投料量 | R29: sclRoundMV(convertToMeasuredValue( convertTo(PH:{Standard Batch Moles/投料总摩尔量}.{1 Value},"mol")* | S29: ,"kg"),2,"HALF_UP") | T29: =R29&#REF!&S29 -> #REF! | U29: =COUNTIF($S$9:S29,_xlfn.IFNA(S29,$S$9:S29))+1 -> 7 | V29: =U29-1 -> 6 | W29: ="Update Ins "&B29&" plan qty of "&LEFT(C29,FIND("/",C29,1)-1)&"/更新操作"&B29&" "&MID(C29,FIND("/",C29,1)+1,100)&"计划量" -> Update Ins 3.6.7 plan qty of DIPEA/更新操作3.6.7 N,N-二异丙基乙胺计划量 | X29: updateWeighingPlanQuantity(" | Y29: -1", PH:{Standard batch Qty calculation/标准投料量计算-01}.{ | Z29: =X29&B29&Y29&U29&" Value})" -> updateWeighingPlanQuantity("3.6.7-1", PH:{Standard batch Qty calculation/标准投料量计算-01}.{7 Value})
A30: =IFERROR(SUBSTITUTE(IFERROR(MID(B30,FIND("/",B30,1)+1,LEN(B30)),B30)&LEFT(C30,FIND("/",C30,1)-1)," ",""),"") -> 3.7.1DMF | B30: 3.7.1 | C30: DMF/N, N-二甲基甲酰胺 | D30: 73.1 | E30: 0.948 | F30: - | G30: 2.84 | H30: =TEXT(ROUND(G30*树脂信息!$C$4,2),"0.00") -> 184.60 | I30: ±6% | J30: =TEXT(ROUND(H30*0.94,2),"0.00")&"~"&TEXT(ROUND(H30*1.06,2),"0.00") -> 173.52~195.68 | P30: 3
A31: =IFERROR(SUBSTITUTE(IFERROR(MID(B31,FIND("/",B31,1)+1,LEN(B31)),B31)&LEFT(C31,FIND("/",C31,1)-1)," ",""),"") -> 3.7.3DMF | B31: 3.7.3 | C31: DMF/N, N-二甲基甲酰胺 | D31: 73.1 | E31: 0.948 | F31: - | G31: 0.95 | H31: =TEXT(ROUND(G31*树脂信息!$C$4,2),"0.00") -> 61.75 | I31: ±6% | J31: =TEXT(ROUND(H31*0.94,2),"0.00")&"~"&TEXT(ROUND(H31*1.06,2),"0.00") -> 58.05~65.46 | P31: 1
A32: =IFERROR(SUBSTITUTE(IFERROR(MID(B32,FIND("/",B32,1)+1,LEN(B32)),B32)&LEFT(C32,FIND("/",C32,1)-1)," ",""),"") -> 3.7.7DMF | B32: 3.7.7 | C32: DMF/N, N-二甲基甲酰胺 | D32: 73.1 | E32: 0.948 | F32: - | G32: 7.58 | H32: =TEXT(ROUND(G32*树脂信息!$C$4,2),"0.00") -> 492.70 | I32: ±6% | J32: =TEXT(ROUND(H32*0.94,2),"0.00")&"~"&TEXT(ROUND(H32*1.06,2),"0.00") -> 463.14~522.26 | L32: See below/见下行 | P32: 8
A33: =IFERROR(SUBSTITUTE(IFERROR(MID(B33,FIND("/",B33,1)+1,LEN(B33)),B33)&LEFT(C33,FIND("/",C33,1)-1)," ",""),"") | D33: Qty Charged/实际投料量（kg）：1st： kg；2nd： kg；3rd： kg；
A34: =IFERROR(SUBSTITUTE(IFERROR(MID(B34,FIND("/",B34,1)+1,LEN(B34)),B34)&LEFT(C34,FIND("/",C34,1)-1)," ",""),"") | B34: （3）Fmoc-L-Ala-OH·H2O/芴甲氧羰基-L-丙氨酸一水合物 | F34: -
A35: =IFERROR(SUBSTITUTE(IFERROR(MID(B35,FIND("/",B35,1)+1,LEN(B35)),B35)&LEFT(C35,FIND("/",C35,1)-1)," ",""),"") -> 3.8.120%piperidinesolution | B35: 3.8.1 | C35: 20% piperidine solution/20%哌啶溶液 | D35: - | E35: 0.931 | F35: - | G35: 7.44 | H35: =TEXT(ROUND(G35*树脂信息!$C$4,2),"0.00") -> 483.60 | I35: ±6% | J35: =TEXT(ROUND(H35*0.94,2),"0.00")&"~"&TEXT(ROUND(H35*1.06,2),"0.00") -> 454.58~512.62 | L35: See below/见下行 | P35: 8
A36: =IFERROR(SUBSTITUTE(IFERROR(MID(B36,FIND("/",B36,1)+1,LEN(B36)),B36)&LEFT(C36,FIND("/",C36,1)-1)," ",""),"") -> 3.8.4IPAC | B36: 3.8.4 | C36: IPAC/乙酸异丙酯 | D36: - | E36: 0.873 | F36: - | G36: 6.98 | H36: =TEXT(ROUND(G36*树脂信息!$C$4,2),"0.00") -> 453.70 | I36: ±6% | J36: =TEXT(ROUND(H36*0.94,2),"0.00")&"~"&TEXT(ROUND(H36*1.06,2),"0.00") -> 426.48~480.92 | L36: See below/见下行 | P36: 8
A37: =IFERROR(SUBSTITUTE(IFERROR(MID(B37,FIND("/",B37,1)+1,LEN(B37)),B37)&LEFT(C37,FIND("/",C37,1)-1)," ",""),"") | D37: Qty Charged/实际投料量（kg）：1st： kg；2nd： kg；3rd： kg；
A38: =IFERROR(SUBSTITUTE(IFERROR(MID(B38,FIND("/",B38,1)+1,LEN(B38)),B38)&LEFT(C38,FIND("/",C38,1)-1)," ",""),"") | D38: 4th： kg；
A39: =IFERROR(SUBSTITUTE(IFERROR(MID(B39,FIND("/",B39,1)+1,LEN(B39)),B39)&LEFT(C39,FIND("/",C39,1)-1)," ",""),"") -> 3.8.5DMF | B39: 3.8.5 | C39: DMF/N, N-二甲基甲酰胺 | D39: 73.1 | E39: 0.948 | F39: - | G39: 7.58 | H39: =TEXT(ROUND(G39*树脂信息!$C$4,2),"0.00") -> 492.70 | I39: ±6% | J39: =TEXT(ROUND(H39*0.94,2),"0.00")&"~"&TEXT(ROUND(H39*1.06,2),"0.00") -> 463.14~522.26 | P39: 8
A40: =IFERROR(SUBSTITUTE(IFERROR(MID(B40,FIND("/",B40,1)+1,LEN(B40)),B40)&LEFT(C40,FIND("/",C40,1)-1)," ",""),"") -> 3.8.7DMF | B40: 3.8.7 | C40: DMF/N, N-二甲基甲酰胺 | D40: 73.1 | E40: 0.948 | F40: - | G40: 7.58 | H40: =TEXT(ROUND(G40*树脂信息!$C$4,2),"0.00") -> 492.70 | I40: ±6% | J40: =TEXT(ROUND(H40*0.94,2),"0.00")&"~"&TEXT(ROUND(H40*1.06,2),"0.00") -> 463.14~522.26 | P40: 8
A41: =IFERROR(SUBSTITUTE(IFERROR(MID(B41,FIND("/",B41,1)+1,LEN(B41)),B41)&LEFT(C41,FIND("/",C41,1)-1)," ",""),"") -> 3.9.1DMF | B41: 3.9.1 | C41: DMF/N, N-二甲基甲酰胺 | D41: 73.1 | E41: 0.948 | F41: - | G41: 5.69 | H41: =TEXT(ROUND(G41*树脂信息!$C$4,2),"0.00") -> 369.85 | I41: ±5% | J41: =TEXT(ROUND(H41*0.95,2),"0.00")&"~"&TEXT(ROUND(H41*1.05,2),"0.00") -> 351.36~388.34 | P41: 6
A42: =IFERROR(SUBSTITUTE(IFERROR(MID(B42,FIND("/",B42,1)+1,LEN(B42)),B42)&LEFT(C42,FIND("/",C42,1)-1)," ",""),"") -> 3.9.2Fmoc-L-Ala-OH·H2O | B42: 1.6/3.9.2 | C42: Fmoc-L-Ala-OH·H2O/芴甲氧羰基-L-丙氨酸一水合物 | D42: 329.35 | E42: - | F42: =O42 -> 2 | G42: - | H42: =ROUND(O42*D42/1000*树脂信息!$D$4,2) -> 67.65 | I42: ±3.0% | J42: =TEXT(ROUND(H42*0.97,2),"0.00")&"~"&TEXT(ROUND(H42*1.03,2),"0.00") -> 65.62~69.68 | K42: =ROUND(H42*0.03,2) -> 2.03 | M42: =(H42-H42*0.97)+(H42-H42*1.03) -> 0 | N42: 2 | O42: 2 | Q42: ="Ins "&B42&" The standard batch Qty of "&LEFT(C42,FIND("/",C42,1)-1)&"/操作"&LEFT(B42,FIND("/",B42,1)-1)&"（用于Ins."&MID(B42,FIND("/",B42,1)+1,100)&"）"&MID(C42,FIND("/",C42,1)+1,100)&"标准投料量" -> Ins 1.6/3.9.2 The standard batch Qty of Fmoc-L-Ala-OH·H2O/操作1.6（用于Ins.3.9.2）芴甲氧羰基-L-丙氨酸一水合物标准投料量 | R42: sclRoundMV(convertToMeasuredValue( convertTo(PH:{Standard Batch Moles/投料总摩尔量}.{1 Value},"mol")* | S42: ,"kg"),2,"HALF_UP") | T42: =R42&#REF!&S42 -> #REF! | U42: =COUNTIF($S$9:S42,_xlfn.IFNA(S42,$S$9:S42))+1 -> 8 | V42: =U42-1 -> 7 | W42: ="Update Ins "&MID(B42,FIND("/",B42,1)+1,100)&" plan qty of "&LEFT(C42,FIND("/",C42,1)-1)&"/更新操作"&MID(B42,FIND("/",B42,1)+1,100)&" "&MID(C42,FIND("/",C42,1)+1,100)&"计划量" -> Update Ins 3.9.2 plan qty of Fmoc-L-Ala-OH·H2O/更新操作3.9.2 芴甲氧羰基-L-丙氨酸一水合物计划量 | X42: updateWeighingPlanQuantity(" | Y42: -1", PH:{Standard batch Qty calculation/标准投料量计算-01}.{ | Z42: =X42&MID(B42,FIND("/",B42,1)+1,100)&Y42&U42&" Value})" -> updateWeighingPlanQuantity("3.9.2-1", PH:{Standard batch Qty calculation/标准投料量计算-01}.{8 Value}) | AB42: ="Ins "&LEFT(B42,FIND("/",B42,1)-1)&" Dispense "&LEFT(C42,FIND("/",C42,1)-1)&"/分装"&MID(C42,FIND("/",C42,1)+1,100) -> Ins 1.6 Dispense Fmoc-L-Ala-OH·H2O/分装芴甲氧羰基-L-丙氨酸一水合物 | AC42: =MID(B42,FIND("/",B42,1)+1,100)&" "&C42 -> 3.9.2 Fmoc-L-Ala-OH·H2O/芴甲氧羰基-L-丙氨酸一水合物
A43: =IFERROR(SUBSTITUTE(IFERROR(MID(B43,FIND("/",B43,1)+1,LEN(B43)),B43)&LEFT(C43,FIND("/",C43,1)-1)," ",""),"") -> 3.9.4Oxymapure | B43: 1.7/3.9.4 | C43: Oxyma pure/2-肟氰乙酸乙酯 | D43: 142.11 | E43: - | F43: =O43 -> 2 | G43: - | H43: =ROUND(O43*D43/1000*树脂信息!$D$4,2) -> 29.19 | I43: ±3.0% | J43: =TEXT(ROUND(H43*0.97,2),"0.00")&"~"&TEXT(ROUND(H43*1.03,2),"0.00") -> 28.31~30.07 | K43: =ROUND(H43*0.03,2) -> 0.88 | M43: =(H43-H43*0.97)+(H43-H43*1.03) -> 0 | N43: 2 | O43: 2 | Q43: ="Ins "&B43&" The standard batch Qty of "&LEFT(C43,FIND("/",C43,1)-1)&"/操作"&LEFT(B43,FIND("/",B43,1)-1)&"（用于Ins."&MID(B43,FIND("/",B43,1)+1,100)&"）"&MID(C43,FIND("/",C43,1)+1,100)&"标准投料量" -> Ins 1.7/3.9.4 The standard batch Qty of Oxyma pure/操作1.7（用于Ins.3.9.4）2-肟氰乙酸乙酯标准投料量 | R43: sclRoundMV(convertToMeasuredValue( convertTo(PH:{Standard Batch Moles/投料总摩尔量}.{1 Value},"mol")* | S43: ,"kg"),2,"HALF_UP") | T43: =R43&#REF!&S43 -> #REF! | U43: =COUNTIF($S$9:S43,_xlfn.IFNA(S43,$S$9:S43))+1 -> 9 | V43: =U43-1 -> 8 | W43: ="Update Ins "&MID(B43,FIND("/",B43,1)+1,100)&" plan qty of "&LEFT(C43,FIND("/",C43,1)-1)&"/更新操作"&MID(B43,FIND("/",B43,1)+1,100)&" "&MID(C43,FIND("/",C43,1)+1,100)&"计划量" -> Update Ins 3.9.4 plan qty of Oxyma pure/更新操作3.9.4 2-肟氰乙酸乙酯计划量 | X43: updateWeighingPlanQuantity(" | Y43: -1", PH:{Standard batch Qty calculation/标准投料量计算-01}.{ | Z43: =X43&MID(B43,FIND("/",B43,1)+1,100)&Y43&U43&" Value})" -> updateWeighingPlanQuantity("3.9.4-1", PH:{Standard batch Qty calculation/标准投料量计算-01}.{9 Value}) | AB43: ="Ins "&LEFT(B43,FIND("/",B43,1)-1)&" Dispense "&LEFT(C43,FIND("/",C43,1)-1)&"/分装"&MID(C43,FIND("/",C43,1)+1,100) -> Ins 1.7 Dispense Oxyma pure/分装2-肟氰乙酸乙酯 | AC43: =MID(B43,FIND("/",B43,1)+1,100)&" "&C43 -> 3.9.4 Oxyma pure/2-肟氰乙酸乙酯
A44: =IFERROR(SUBSTITUTE(IFERROR(MID(B44,FIND("/",B44,1)+1,LEN(B44)),B44)&LEFT(C44,FIND("/",C44,1)-1)," ",""),"") -> 3.9.5DMF | B44: 3.9.5 | C44: DMF/N, N-二甲基甲酰胺 | D44: 73.1 | E44: 0.948 | F44: - | G44: 0.95 | H44: =TEXT(ROUND(G44*树脂信息!$C$4,2),"0.00") -> 61.75 | I44: ±6% | J44: =TEXT(ROUND(H44*0.94,2),"0.00")&"~"&TEXT(ROUND(H44*1.06,2),"0.00") -> 58.05~65.46 | P44: 1
A45: =IFERROR(SUBSTITUTE(IFERROR(MID(B45,FIND("/",B45,1)+1,LEN(B45)),B45)&LEFT(C45,FIND("/",C45,1)-1)," ",""),"") -> 3.9.6DIC | B45: 3.9.6 | C45: DIC/N,N’-二异丙基碳二亚胺 | D45: 126.2 | E45: - | F45: =O45 -> 2.2 | G45: - | H45: =ROUND(O45*D45/1000*树脂信息!$D$4,2) -> 28.51 | I45: ±3.0% | J45: =TEXT(ROUND(H45*0.97,2),"0.00")&"~"&TEXT(ROUND(H45*1.03,2),"0.00") -> 27.65~29.37 | K45: =ROUND(H45*0.03,2) -> 0.86 | M45: =(H45-H45*0.97)+(H45-H45*1.03) -> 0 | N45: 2.2 | O45: 2.2
A46: =IFERROR(SUBSTITUTE(IFERROR(MID(B46,FIND("/",B46,1)+1,LEN(B46)),B46)&LEFT(C46,FIND("/",C46,1)-1)," ",""),"") -> 3.10.2DMF | B46: 3.10.2 | C46: DMF/N, N-二甲基甲酰胺 | D46: 73.1 | E46: 0.948 | F46: - | G46: 0.95 | H46: =TEXT(ROUND(G46*树脂信息!$C$4,2),"0.00") -> 61.75 | I46: ±6% | J46: =TEXT(ROUND(H46*0.94,2),"0.00")&"~"&TEXT(ROUND(H46*1.06,2),"0.00") -> 58.05~65.46 | P46: 1
A47: =IFERROR(SUBSTITUTE(IFERROR(MID(B47,FIND("/",B47,1)+1,LEN(B47)),B47)&LEFT(C47,FIND("/",C47,1)-1)," ",""),"") -> 3.10.6DMF | B47: 3.10.6 | C47: DMF/N, N-二甲基甲酰胺 | D47: 73.1 | E47: 0.948 | F47: - | G47: 7.58 | H47: =TEXT(ROUND(G47*树脂信息!$C$4,2),"0.00") -> 492.70 | I47: ±6% | J47: =TEXT(ROUND(H47*0.94,2),"0.00")&"~"&TEXT(ROUND(H47*1.06,2),"0.00") -> 463.14~522.26 | L47: See below/见下行 | P47: 8
A48: =IFERROR(SUBSTITUTE(IFERROR(MID(B48,FIND("/",B48,1)+1,LEN(B48)),B48)&LEFT(C48,FIND("/",C48,1)-1)," ",""),"") | D48: Qty Charged/实际投料量（kg）：1st： kg；2nd： kg；3rd： kg；
A49: =IFERROR(SUBSTITUTE(IFERROR(MID(B49,FIND("/",B49,1)+1,LEN(B49)),B49)&LEFT(C49,FIND("/",C49,1)-1)," ",""),"") | B49: （4）Fmoc-L-Cys(Trt)-OH/Fmoc-S-三苯甲基-L-半胱氨酸
A50: =IFERROR(SUBSTITUTE(IFERROR(MID(B50,FIND("/",B50,1)+1,LEN(B50)),B50)&LEFT(C50,FIND("/",C50,1)-1)," ",""),"") -> 3.11.120%piperidinesolution | B50: 3.11.1 | C50: 20% piperidine solution/20%哌啶溶液 | D50: - | E50: 0.931 | F50: - | G50: 7.44 | H50: =TEXT(ROUND(G50*树脂信息!$C$4,2),"0.00") -> 483.60 | I50: ±6% | J50: =TEXT(ROUND(H50*0.94,2),"0.00")&"~"&TEXT(ROUND(H50*1.06,2),"0.00") -> 454.58~512.62 | P50: 8
A51: =IFERROR(SUBSTITUTE(IFERROR(MID(B51,FIND("/",B51,1)+1,LEN(B51)),B51)&LEFT(C51,FIND("/",C51,1)-1)," ",""),"") -> 3.11.4IPAC | B51: 3.11.4 | C51: IPAC/乙酸异丙酯 | E51: 0.873 | F51: - | G51: 6.98 | H51: =TEXT(ROUND(G51*树脂信息!$C$4,2),"0.00") -> 453.70 | I51: ±6% | J51: =TEXT(ROUND(H51*0.94,2),"0.00")&"~"&TEXT(ROUND(H51*1.06,2),"0.00") -> 426.48~480.92 | L51: See below/见下行 | P51: 8
A52: =IFERROR(SUBSTITUTE(IFERROR(MID(B52,FIND("/",B52,1)+1,LEN(B52)),B52)&LEFT(C52,FIND("/",C52,1)-1)," ",""),"") | D52: Qty Charged/实际投料量（kg）：1st： kg；2nd： kg；3rd： kg；
A53: =IFERROR(SUBSTITUTE(IFERROR(MID(B53,FIND("/",B53,1)+1,LEN(B53)),B53)&LEFT(C53,FIND("/",C53,1)-1)," ",""),"") | D53: 4th： kg；
A54: =IFERROR(SUBSTITUTE(IFERROR(MID(B54,FIND("/",B54,1)+1,LEN(B54)),B54)&LEFT(C54,FIND("/",C54,1)-1)," ",""),"") -> 3.11.5DMF | B54: 3.11.5 | C54: DMF/N, N-二甲基甲酰胺 | D54: 73.1 | E54: 0.948 | F54: - | G54: 7.58 | H54: =TEXT(ROUND(G54*树脂信息!$C$4,2),"0.00") -> 492.70 | I54: ±6% | J54: =TEXT(ROUND(H54*0.94,2),"0.00")&"~"&TEXT(ROUND(H54*1.06,2),"0.00") -> 463.14~522.26 | P54: 8
A55: =IFERROR(SUBSTITUTE(IFERROR(MID(B55,FIND("/",B55,1)+1,LEN(B55)),B55)&LEFT(C55,FIND("/",C55,1)-1)," ",""),"") -> 3.11.7DMF | B55: 3.11.7 | C55: DMF/N, N-二甲基甲酰胺 | D55: 73.1 | E55: 0.948 | F55: - | G55: 7.58 | H55: =TEXT(ROUND(G55*树脂信息!$C$4,2),"0.00") -> 492.70 | I55: ±6% | J55: =TEXT(ROUND(H55*0.94,2),"0.00")&"~"&TEXT(ROUND(H55*1.06,2),"0.00") -> 463.14~522.26 | P55: 8
A56: =IFERROR(SUBSTITUTE(IFERROR(MID(B56,FIND("/",B56,1)+1,LEN(B56)),B56)&LEFT(C56,FIND("/",C56,1)-1)," ",""),"") -> 3.12.1DMF | B56: 3.12.1 | C56: DMF/N, N-二甲基甲酰胺 | D56: 73.1 | E56: 0.948 | F56: - | G56: 5.69 | H56: =TEXT(ROUND(G56*树脂信息!$C$4,2),"0.00") -> 369.85 | I56: ±5% | J56: =TEXT(ROUND(H56*0.95,2),"0.00")&"~"&TEXT(ROUND(H56*1.05,2),"0.00") -> 351.36~388.34 | P56: 6
A57: =IFERROR(SUBSTITUTE(IFERROR(MID(B57,FIND("/",B57,1)+1,LEN(B57)),B57)&LEFT(C57,FIND("/",C57,1)-1)," ",""),"") -> 3.12.2Fmoc-L-Cys(Trt)-OH | B57: 1.8/3.12.2 | C57: Fmoc-L-Cys(Trt)-OH/Fmoc-S-三苯甲基-L-半胱氨酸 | D57: 585.71 | E57: - | F57: =O57 -> 2 | G57: - | H57: =ROUND(O57*D57/1000*树脂信息!$D$4,2) -> 120.3 | I57: ±3.0% | J57: =TEXT(ROUND(H57*0.97,2),"0.00")&"~"&TEXT(ROUND(H57*1.03,2),"0.00") -> 116.69~123.91 | K57: =ROUND(H57*0.03,2) -> 3.61 | M57: =(H57-H57*0.97)+(H57-H57*1.03) -> 0 | N57: 2 | O57: 2 | Q57: ="Ins "&B57&" The standard batch Qty of "&LEFT(C57,FIND("/",C57,1)-1)&"/操作"&LEFT(B57,FIND("/",B57,1)-1)&"（用于Ins."&MID(B57,FIND("/",B57,1)+1,100)&"）"&MID(C57,FIND("/",C57,1)+1,100)&"标准投料量" -> Ins 1.8/3.12.2 The standard batch Qty of Fmoc-L-Cys(Trt)-OH/操作1.8（用于Ins.3.12.2）Fmoc-S-三苯甲基-L-半胱氨酸标准投料量 | R57: sclRoundMV(convertToMeasuredValue( convertTo(PH:{Standard Batch Moles/投料总摩尔量}.{1 Value},"mol")* | S57: ,"kg"),2,"HALF_UP") | T57: =R57&#REF!&S57 -> #REF! | U57: =COUNTIF($S$9:S57,_xlfn.IFNA(S57,$S$9:S57))+1 -> 10 | V57: =U57-1 -> 9 | W57: ="Update Ins "&MID(B57,FIND("/",B57,1)+1,100)&" plan qty of "&LEFT(C57,FIND("/",C57,1)-1)&"/更新操作"&MID(B57,FIND("/",B57,1)+1,100)&" "&MID(C57,FIND("/",C57,1)+1,100)&"计划量" -> Update Ins 3.12.2 plan qty of Fmoc-L-Cys(Trt)-OH/更新操作3.12.2 Fmoc-S-三苯甲基-L-半胱氨酸计划量 | X57: updateWeighingPlanQuantity(" | Y57: -1", PH:{Standard batch Qty calculation/标准投料量计算-01}.{ | Z57: =X57&MID(B57,FIND("/",B57,1)+1,100)&Y57&U57&" Value})" -> updateWeighingPlanQuantity("3.12.2-1", PH:{Standard batch Qty calculation/标准投料量计算-01}.{10 Value}) | AB57: ="Ins "&LEFT(B57,FIND("/",B57,1)-1)&" Dispense "&LEFT(C57,FIND("/",C57,1)-1)&"/分装"&MID(C57,FIND("/",C57,1)+1,100) -> Ins 1.8 Dispense Fmoc-L-Cys(Trt)-OH/分装Fmoc-S-三苯甲基-L-半胱氨酸 | AC57: =MID(B57,FIND("/",B57,1)+1,100)&" "&C57 -> 3.12.2 Fmoc-L-Cys(Trt)-OH/Fmoc-S-三苯甲基-L-半胱氨酸
A58: =IFERROR(SUBSTITUTE(IFERROR(MID(B58,FIND("/",B58,1)+1,LEN(B58)),B58)&LEFT(C58,FIND("/",C58,1)-1)," ",""),"") -> 3.12.3Oxymapure | B58: 1.9/3.12.3 | C58: Oxyma pure/2-肟氰乙酸乙酯 | D58: 142.11 | E58: - | F58: =O58 -> 3 | G58: - | H58: =ROUND(O58*D58/1000*树脂信息!$D$4,2) -> 43.78 | I58: ±3.0% | J58: =TEXT(ROUND(H58*0.97,2),"0.00")&"~"&TEXT(ROUND(H58*1.03,2),"0.00") -> 42.47~45.09 | K58: =ROUND(H58*0.03,2) -> 1.31 | M58: =(H58-H58*0.97)+(H58-H58*1.03) -> 0 | N58: 3 | O58: 3 | Q58: ="Ins "&B58&" The standard batch Qty of "&LEFT(C58,FIND("/",C58,1)-1)&"/操作"&LEFT(B58,FIND("/",B58,1)-1)&"（用于Ins."&MID(B58,FIND("/",B58,1)+1,100)&"）"&MID(C58,FIND("/",C58,1)+1,100)&"标准投料量" -> Ins 1.9/3.12.3 The standard batch Qty of Oxyma pure/操作1.9（用于Ins.3.12.3）2-肟氰乙酸乙酯标准投料量 | R58: sclRoundMV(convertToMeasuredValue( convertTo(PH:{Standard Batch Moles/投料总摩尔量}.{1 Value},"mol")* | S58: ,"kg"),2,"HALF_UP") | T58: =R58&#REF!&S58 -> #REF! | U58: =COUNTIF($S$9:S58,_xlfn.IFNA(S58,$S$9:S58))+1 -> 11 | V58: =U58-1 -> 10 | W58: ="Update Ins "&MID(B58,FIND("/",B58,1)+1,100)&" plan qty of "&LEFT(C58,FIND("/",C58,1)-1)&"/更新操作"&MID(B58,FIND("/",B58,1)+1,100)&" "&MID(C58,FIND("/",C58,1)+1,100)&"计划量" -> Update Ins 3.12.3 plan qty of Oxyma pure/更新操作3.12.3 2-肟氰乙酸乙酯计划量 | X58: updateWeighingPlanQuantity(" | Y58: -1", PH:{Standard batch Qty calculation/标准投料量计算-01}.{ | Z58: =X58&MID(B58,FIND("/",B58,1)+1,100)&Y58&U58&" Value})" -> updateWeighingPlanQuantity("3.12.3-1", PH:{Standard batch Qty calculation/标准投料量计算-01}.{11 Value}) | AB58: ="Ins "&LEFT(B58,FIND("/",B58,1)-1)&" Dispense "&LEFT(C58,FIND("/",C58,1)-1)&"/分装"&MID(C58,FIND("/",C58,1)+1,100) -> Ins 1.9 Dispense Oxyma pure/分装2-肟氰乙酸乙酯 | AC58: =MID(B58,FIND("/",B58,1)+1,100)&" "&C58 -> 3.12.3 Oxyma pure/2-肟氰乙酸乙酯
A59: =IFERROR(SUBSTITUTE(IFERROR(MID(B59,FIND("/",B59,1)+1,LEN(B59)),B59)&LEFT(C59,FIND("/",C59,1)-1)," ",""),"") -> 3.12.4DMF | B59: 3.12.4 | C59: DMF/N, N-二甲基甲酰胺 | D59: 73.1 | E59: 0.948 | F59: - | G59: 0.95 | H59: =TEXT(ROUND(G59*树脂信息!$C$4,2),"0.00") -> 61.75 | I59: ±6% | J59: =TEXT(ROUND(H59*0.94,2),"0.00")&"~"&TEXT(ROUND(H59*1.06,2),"0.00") -> 58.05~65.46 | P59: 1
A60: =IFERROR(SUBSTITUTE(IFERROR(MID(B60,FIND("/",B60,1)+1,LEN(B60)),B60)&LEFT(C60,FIND("/",C60,1)-1)," ",""),"") -> 3.13.2DMF | B60: 3.13.2 | C60: DMF/N, N-二甲基甲酰胺 | D60: 73.1 | E60: 0.948 | F60: - | G60: 0.95 | H60: =TEXT(ROUND(G60*树脂信息!$C$4,2),"0.00") -> 61.75 | I60: ±6% | J60: =TEXT(ROUND(H60*0.94,2),"0.00")&"~"&TEXT(ROUND(H60*1.06,2),"0.00") -> 58.05~65.46 | P60: 1
A61: =IFERROR(SUBSTITUTE(IFERROR(MID(B61,FIND("/",B61,1)+1,LEN(B61)),B61)&LEFT(C61,FIND("/",C61,1)-1)," ",""),"") -> 3.13.3DMF | B61: 3.13.3 | C61: DMF/N, N-二甲基甲酰胺 | D61: 73.1 | E61: 0.948 | F61: - | G61: 0.95 | H61: =TEXT(ROUND(G61*树脂信息!$C$4,2),"0.00") -> 61.75 | I61: ±6% | J61: =TEXT(ROUND(H61*0.94,2),"0.00")&"~"&TEXT(ROUND(H61*1.06,2),"0.00") -> 58.05~65.46 | P61: 1 | Q61: ="Ins "&B61&" The standard batch Qty of "&LEFT(C61,FIND("/",C61,1)-1)&"/操作"&B61&MID(C61,FIND("/",C61,1)+1,100)&"标准投料量" -> Ins 3.13.3 The standard batch Qty of DMF/操作3.13.3N, N-二甲基甲酰胺标准投料量 | R61: sclRoundMV(convertToMeasuredValue( convertTo(PH:{Standard Batch Moles/投料总摩尔量}.{1 Value},"mol")* | S61: ,"kg"),2,"HALF_UP") | T61: =R61&#REF!&S61 -> #REF! | U61: =COUNTIF($S$9:S61,_xlfn.IFNA(S61,$S$9:S61))+1 -> 12 | V61: =U61-1 -> 11 | W61: ="Update Ins "&B61&" plan qty of "&LEFT(C61,FIND("/",C61,1)-1)&"/更新操作"&B61&" "&MID(C61,FIND("/",C61,1)+1,100)&"计划量" -> Update Ins 3.13.3 plan qty of DMF/更新操作3.13.3 N, N-二甲基甲酰胺计划量 | X61: updateWeighingPlanQuantity(" | Y61: -1", PH:{Standard batch Qty calculation/标准投料量计算-02}.{ | Z61: =X61&B61&Y61&U61&" Value})" -> updateWeighingPlanQuantity("3.13.3-1", PH:{Standard batch Qty calculation/标准投料量计算-02}.{12 Value}) | AB61: ="Ins "&B61&" Weighing of "&LEFT(C61,FIND("/",C61,1)-1)&"/"&MID(C61,FIND("/",C61,1)+1,100)&"称重" -> Ins 3.13.3 Weighing of DMF/N, N-二甲基甲酰胺称重
A62: =IFERROR(SUBSTITUTE(IFERROR(MID(B62,FIND("/",B62,1)+1,LEN(B62)),B62)&LEFT(C62,FIND("/",C62,1)-1)," ",""),"") -> 3.13.3DIC | B62: 3.13.3 | C62: DIC/N,N'-二异丙基碳二亚胺 | D62: 126.2 | E62: - | F62: =O62 -> 3.3 | G62: - | H62: =ROUND(O62*D62/1000*树脂信息!$D$4,2) -> 42.77 | I62: ±3.0% | J62: =TEXT(ROUND(H62*0.97,2),"0.00")&"~"&TEXT(ROUND(H62*1.03,2),"0.00") -> 41.49~44.05 | K62: =ROUND(H62*0.03,2) -> 1.28 | M62: =(H62-H62*0.97)+(H62-H62*1.03) -> 0 | N62: 3.3 | O62: 3.3 | Q62: ="Ins "&B62&" The standard batch Qty of "&LEFT(C62,FIND("/",C62,1)-1)&"/操作"&B62&MID(C62,FIND("/",C62,1)+1,100)&"标准投料量" -> Ins 3.13.3 The standard batch Qty of DIC/操作3.13.3N,N'-二异丙基碳二亚胺标准投料量 | R62: sclRoundMV(convertToMeasuredValue( convertTo(PH:{Standard Batch Moles/投料总摩尔量}.{1 Value},"mol")* | S62: ,"kg"),2,"HALF_UP") | T62: =R62&#REF!&S62 -> #REF! | U62: =COUNTIF($S$9:S62,_xlfn.IFNA(S62,$S$9:S62))+1 -> 13 | V62: =U62-1 -> 12 | W62: ="Update Ins "&B62&" plan qty of "&LEFT(C62,FIND("/",C62,1)-1)&"/更新操作"&B62&" "&MID(C62,FIND("/",C62,1)+1,100)&"计划量" -> Update Ins 3.13.3 plan qty of DIC/更新操作3.13.3 N,N'-二异丙基碳二亚胺计划量 | X62: updateWeighingPlanQuantity(" | Y62: -3", PH:{Standard batch Qty calculation/标准投料量计算-02}.{ | Z62: =X62&B62&Y62&U62&" Value})" -> updateWeighingPlanQuantity("3.13.3-3", PH:{Standard batch Qty calculation/标准投料量计算-02}.{13 Value}) | AB62: ="Ins "&B62&" Weighing of "&LEFT(C62,FIND("/",C62,1)-1)&"/"&MID(C62,FIND("/",C62,1)+1,100)&"称重" -> Ins 3.13.3 Weighing of DIC/N,N'-二异丙基碳二亚胺称重
A63: =IFERROR(SUBSTITUTE(IFERROR(MID(B63,FIND("/",B63,1)+1,LEN(B63)),B63)&LEFT(C63,FIND("/",C63,1)-1)," ",""),"") -> 3.13.10DMF | B63: 3.13.10 | C63: DMF/N, N-二甲基甲酰胺 | D63: 73.1 | E63: 0.948 | F63: - | G63: 7.58 | H63: =TEXT(ROUND(G63*树脂信息!$C$4,2),"0.00") -> 492.70 | I63: ±6% | J63: =TEXT(ROUND(H63*0.94,2),"0.00")&"~"&TEXT(ROUND(H63*1.06,2),"0.00") -> 463.14~522.26 | L63: See below/见下行 | P63: 8
A64: =IFERROR(SUBSTITUTE(IFERROR(MID(B64,FIND("/",B64,1)+1,LEN(B64)),B64)&LEFT(C64,FIND("/",C64,1)-1)," ",""),"") | D64: Qty Charged/实际投料量（kg）：1st： kg；2nd： kg；3rd： kg；
A65: =IFERROR(SUBSTITUTE(IFERROR(MID(B65,FIND("/",B65,1)+1,LEN(B65)),B65)&LEFT(C65,FIND("/",C65,1)-1)," ",""),"") | B65: （5）Fmoc-L-Thr(tBu)-OH/芴甲氧羰基-叔丁基-L-苏氨酸
A66: =IFERROR(SUBSTITUTE(IFERROR(MID(B66,FIND("/",B66,1)+1,LEN(B66)),B66)&LEFT(C66,FIND("/",C66,1)-1)," ",""),"") -> 3.14.120%piperidinesolution | B66: 3.14.1 | C66: 20% piperidine solution/20%哌啶溶液 | D66: - | E66: 0.931 | F66: - | G66: 7.44 | H66: =TEXT(ROUND(G66*树脂信息!$C$4,2),"0.00") -> 483.60 | I66: ±6% | J66: =TEXT(ROUND(H66*0.94,2),"0.00")&"~"&TEXT(ROUND(H66*1.06,2),"0.00") -> 454.58~512.62 | P66: 8
A67: =IFERROR(SUBSTITUTE(IFERROR(MID(B67,FIND("/",B67,1)+1,LEN(B67)),B67)&LEFT(C67,FIND("/",C67,1)-1)," ",""),"") -> 3.14.4IPAC | B67: 3.14.4 | C67: IPAC/乙酸异丙酯 | E67: 0.873 | F67: - | G67: 6.98 | H67: =TEXT(ROUND(G67*树脂信息!$C$4,2),"0.00") -> 453.70 | I67: ±6% | J67: =TEXT(ROUND(H67*0.94,2),"0.00")&"~"&TEXT(ROUND(H67*1.06,2),"0.00") -> 426.48~480.92 | L67: See below/见下行 | P67: 8
A68: =IFERROR(SUBSTITUTE(IFERROR(MID(B68,FIND("/",B68,1)+1,LEN(B68)),B68)&LEFT(C68,FIND("/",C68,1)-1)," ",""),"") | D68: Qty Charged/实际投料量（kg）：1st： kg；2nd： kg；3rd： kg；
A69: =IFERROR(SUBSTITUTE(IFERROR(MID(B69,FIND("/",B69,1)+1,LEN(B69)),B69)&LEFT(C69,FIND("/",C69,1)-1)," ",""),"") | D69: 4th： kg；
A70: =IFERROR(SUBSTITUTE(IFERROR(MID(B70,FIND("/",B70,1)+1,LEN(B70)),B70)&LEFT(C70,FIND("/",C70,1)-1)," ",""),"") -> 3.14.5DMF | B70: 3.14.5 | C70: DMF/N, N-二甲基甲酰胺 | D70: 73.1 | E70: 0.948 | F70: - | G70: 7.58 | H70: =TEXT(ROUND(G70*树脂信息!$C$4,2),"0.00") -> 492.70 | I70: ±6% | J70: =TEXT(ROUND(H70*0.94,2),"0.00")&"~"&TEXT(ROUND(H70*1.06,2),"0.00") -> 463.14~522.26 | P70: 8
A71: =IFERROR(SUBSTITUTE(IFERROR(MID(B71,FIND("/",B71,1)+1,LEN(B71)),B71)&LEFT(C71,FIND("/",C71,1)-1)," ",""),"") -> 3.14.7DMF | B71: 3.14.7 | C71: DMF/N, N-二甲基甲酰胺 | D71: 73.1 | E71: 0.948 | F71: - | G71: 7.58 | H71: =TEXT(ROUND(G71*树脂信息!$C$4,2),"0.00") -> 492.70 | I71: ±6% | J71: =TEXT(ROUND(H71*0.94,2),"0.00")&"~"&TEXT(ROUND(H71*1.06,2),"0.00") -> 463.14~522.26 | P71: 8
A72: =IFERROR(SUBSTITUTE(IFERROR(MID(B72,FIND("/",B72,1)+1,LEN(B72)),B72)&LEFT(C72,FIND("/",C72,1)-1)," ",""),"") -> 3.15.1DMF | B72: 3.15.1 | C72: DMF/N, N-二甲基甲酰胺 | D72: 73.1 | E72: 0.948 | F72: - | G72: 5.69 | H72: =TEXT(ROUND(G72*树脂信息!$C$4,2),"0.00") -> 369.85 | I72: ±5% | J72: =TEXT(ROUND(H72*0.95,2),"0.00")&"~"&TEXT(ROUND(H72*1.05,2),"0.00") -> 351.36~388.34 | P72: 6
A73: =IFERROR(SUBSTITUTE(IFERROR(MID(B73,FIND("/",B73,1)+1,LEN(B73)),B73)&LEFT(C73,FIND("/",C73,1)-1)," ",""),"") -> 3.15.2Fmoc-L-Thr(tBu)-OH | B73: 1.10/3.15.2 | C73: Fmoc-L-Thr(tBu)-OH/芴甲氧羰基-叔丁基-L-苏氨酸 | D73: 397.46 | E73: - | F73: =O73 -> 2 | G73: - | H73: =ROUND(O73*D73/1000*树脂信息!$D$4,2) -> 81.64 | I73: ±3.0% | J73: =TEXT(ROUND(H73*0.97,2),"0.00")&"~"&TEXT(ROUND(H73*1.03,2),"0.00") -> 79.19~84.09 | K73: =ROUND(H73*0.03,2) -> 2.45 | M73: =(H73-H73*0.97)+(H73-H73*1.03) -> 0 | N73: 2 | O73: 2 | Q73: ="Ins "&B73&" The standard batch Qty of "&LEFT(C73,FIND("/",C73,1)-1)&"/操作"&LEFT(B73,FIND("/",B73,1)-1)&"（用于Ins."&MID(B73,FIND("/",B73,1)+1,100)&"）"&MID(C73,FIND("/",C73,1)+1,100)&"标准投料量" -> Ins 1.10/3.15.2 The standard batch Qty of Fmoc-L-Thr(tBu)-OH/操作1.10（用于Ins.3.15.2）芴甲氧羰基-叔丁基-L-苏氨酸标准投料量 | R73: sclRoundMV(convertToMeasuredValue( convertTo(PH:{Standard Batch Moles/投料总摩尔量}.{1 Value},"mol")* | S73: ,"kg"),2,"HALF_UP") | T73: =R73&#REF!&S73 -> #REF! | U73: =COUNTIF($S$9:S73,_xlfn.IFNA(S73,$S$9:S73))+1 -> 14 | V73: =U73-1 -> 13 | W73: ="Update Ins "&MID(B73,FIND("/",B73,1)+1,100)&" plan qty of "&LEFT(C73,FIND("/",C73,1)-1)&"/更新操作"&MID(B73,FIND("/",B73,1)+1,100)&" "&MID(C73,FIND("/",C73,1)+1,100)&"计划量" -> Update Ins 3.15.2 plan qty of Fmoc-L-Thr(tBu)-OH/更新操作3.15.2 芴甲氧羰基-叔丁基-L-苏氨酸计划量 | X73: updateWeighingPlanQuantity(" | Y73: -1", PH:{Standard batch Qty calculation/标准投料量计算-02}.{ | Z73: =X73&MID(B73,FIND("/",B73,1)+1,100)&Y73&U73&" Value})" -> updateWeighingPlanQuantity("3.15.2-1", PH:{Standard batch Qty calculation/标准投料量计算-02}.{14 Value}) | AB73: ="Ins "&LEFT(B73,FIND("/",B73,1)-1)&" Dispense "&LEFT(C73,FIND("/",C73,1)-1)&"/分装"&MID(C73,FIND("/",C73,1)+1,100) -> Ins 1.10 Dispense Fmoc-L-Thr(tBu)-OH/分装芴甲氧羰基-叔丁基-L-苏氨酸 | AC73: =MID(B73,FIND("/",B73,1)+1,100)&" "&C73 -> 3.15.2 Fmoc-L-Thr(tBu)-OH/芴甲氧羰基-叔丁基-L-苏氨酸
A74: =IFERROR(SUBSTITUTE(IFERROR(MID(B74,FIND("/",B74,1)+1,LEN(B74)),B74)&LEFT(C74,FIND("/",C74,1)-1)," ",""),"") -> 3.15.4Oxymapure | B74: 1.11/3.15.4 | C74: Oxyma pure/2-肟氰乙酸乙酯 | D74: 142.11 | E74: - | F74: =O74 -> 2 | G74: - | H74: =ROUND(O74*D74/1000*树脂信息!$D$4,2) -> 29.19 | I74: ±3.0% | J74: =TEXT(ROUND(H74*0.97,2),"0.00")&"~"&TEXT(ROUND(H74*1.03,2),"0.00") -> 28.31~30.07 | K74: =ROUND(H74*0.03,2) -> 0.88 | M74: =(H74-H74*0.97)+(H74-H74*1.03) -> 0 | N74: 2 | O74: 2 | Q74: ="Ins "&B74&" The standard batch Qty of "&LEFT(C74,FIND("/",C74,1)-1)&"/操作"&LEFT(B74,FIND("/",B74,1)-1)&"（用于Ins."&MID(B74,FIND("/",B74,1)+1,100)&"）"&MID(C74,FIND("/",C74,1)+1,100)&"标准投料量" -> Ins 1.11/3.15.4 The standard batch Qty of Oxyma pure/操作1.11（用于Ins.3.15.4）2-肟氰乙酸乙酯标准投料量 | R74: sclRoundMV(convertToMeasuredValue( convertTo(PH:{Standard Batch Moles/投料总摩尔量}.{1 Value},"mol")* | S74: ,"kg"),2,"HALF_UP") | T74: =R74&#REF!&S74 -> #REF! | U74: =COUNTIF($S$9:S74,_xlfn.IFNA(S74,$S$9:S74))+1 -> 15 | V74: =U74-1 -> 14 | W74: ="Update Ins "&MID(B74,FIND("/",B74,1)+1,100)&" plan qty of "&LEFT(C74,FIND("/",C74,1)-1)&"/更新操作"&MID(B74,FIND("/",B74,1)+1,100)&" "&MID(C74,FIND("/",C74,1)+1,100)&"计划量" -> Update Ins 3.15.4 plan qty of Oxyma pure/更新操作3.15.4 2-肟氰乙酸乙酯计划量 | X74: updateWeighingPlanQuantity(" | Y74: -1", PH:{Standard batch Qty calculation/标准投料量计算-02}.{ | Z74: =X74&MID(B74,FIND("/",B74,1)+1,100)&Y74&U74&" Value})" -> updateWeighingPlanQuantity("3.15.4-1", PH:{Standard batch Qty calculation/标准投料量计算-02}.{15 Value}) | AB74: ="Ins "&LEFT(B74,FIND("/",B74,1)-1)&" Dispense "&LEFT(C74,FIND("/",C74,1)-1)&"/分装"&MID(C74,FIND("/",C74,1)+1,100) -> Ins 1.11 Dispense Oxyma pure/分装2-肟氰乙酸乙酯 | AC74: =MID(B74,FIND("/",B74,1)+1,100)&" "&C74 -> 3.15.4 Oxyma pure/2-肟氰乙酸乙酯
A75: =IFERROR(SUBSTITUTE(IFERROR(MID(B75,FIND("/",B75,1)+1,LEN(B75)),B75)&LEFT(C75,FIND("/",C75,1)-1)," ",""),"") -> 3.15.5DMF | B75: 3.15.5 | C75: DMF/N, N-二甲基甲酰胺 | D75: 73.1 | E75: 0.948 | F75: - | G75: 0.95 | H75: =TEXT(ROUND(G75*树脂信息!$C$4,2),"0.00") -> 61.75 | I75: ±6% | J75: =TEXT(ROUND(H75*0.94,2),"0.00")&"~"&TEXT(ROUND(H75*1.06,2),"0.00") -> 58.05~65.46 | P75: 1
A76: =IFERROR(SUBSTITUTE(IFERROR(MID(B76,FIND("/",B76,1)+1,LEN(B76)),B76)&LEFT(C76,FIND("/",C76,1)-1)," ",""),"") -> 3.15.6DIC | B76: 3.15.6 | C76: DIC/N,N’-二异丙基碳二亚胺 | D76: 126.2 | E76: - | F76: =O76 -> 2.2 | G76: - | H76: =ROUND(O76*D76/1000*树脂信息!$D$4,2) -> 28.51 | I76: ±3.0% | J76: =TEXT(ROUND(H76*0.97,2),"0.00")&"~"&TEXT(ROUND(H76*1.03,2),"0.00") -> 27.65~29.37 | K76: =ROUND(H76*0.03,2) -> 0.86 | M76: =(H76-H76*0.97)+(H76-H76*1.03) -> 0 | N76: 2.2 | O76: 2.2
A77: =IFERROR(SUBSTITUTE(IFERROR(MID(B77,FIND("/",B77,1)+1,LEN(B77)),B77)&LEFT(C77,FIND("/",C77,1)-1)," ",""),"") -> 3.16.2DMF | B77: 3.16.2 | C77: DMF/N, N-二甲基甲酰胺 | D77: 73.1 | E77: 0.948 | F77: - | G77: 0.95 | H77: =TEXT(ROUND(G77*树脂信息!$C$4,2),"0.00") -> 61.75 | I77: ±6% | J77: =TEXT(ROUND(H77*0.94,2),"0.00")&"~"&TEXT(ROUND(H77*1.06,2),"0.00") -> 58.05~65.46 | P77: 1
A78: =IFERROR(SUBSTITUTE(IFERROR(MID(B78,FIND("/",B78,1)+1,LEN(B78)),B78)&LEFT(C78,FIND("/",C78,1)-1)," ",""),"") -> 3.16.6DMF | B78: 3.16.6 | C78: DMF/N, N-二甲基甲酰胺 | D78: 73.1 | E78: 0.948 | F78: - | G78: 7.58 | H78: =TEXT(ROUND(G78*树脂信息!$C$4,2),"0.00") -> 492.70 | I78: ±6% | J78: =TEXT(ROUND(H78*0.94,2),"0.00")&"~"&TEXT(ROUND(H78*1.06,2),"0.00") -> 463.14~522.26 | L78: See below/见下行 | P78: 8
A79: =IFERROR(SUBSTITUTE(IFERROR(MID(B79,FIND("/",B79,1)+1,LEN(B79)),B79)&LEFT(C79,FIND("/",C79,1)-1)," ",""),"") | D79: Qty Charged/实际投料量（kg）：1st： kg；2nd： kg；3rd： kg；
A80: =IFERROR(SUBSTITUTE(IFERROR(MID(B80,FIND("/",B80,1)+1,LEN(B80)),B80)&LEFT(C80,FIND("/",C80,1)-1)," ",""),"") | B80: （6）Fmoc-L-Ala-OH·H2O/芴甲氧羰基-L-丙氨酸一水合物
A81: =IFERROR(SUBSTITUTE(IFERROR(MID(B81,FIND("/",B81,1)+1,LEN(B81)),B81)&LEFT(C81,FIND("/",C81,1)-1)," ",""),"") -> 3.17.120%piperidinesolution | B81: 3.17.1 | C81: 20% piperidine solution/20%哌啶溶液 | D81: - | E81: 0.931 | F81: - | G81: 7.44 | H81: =TEXT(ROUND(G81*树脂信息!$C$4,2),"0.00") -> 483.60 | I81: ±6% | J81: =TEXT(ROUND(H81*0.94,2),"0.00")&"~"&TEXT(ROUND(H81*1.06,2),"0.00") -> 454.58~512.62 | P81: 8
A82: =IFERROR(SUBSTITUTE(IFERROR(MID(B82,FIND("/",B82,1)+1,LEN(B82)),B82)&LEFT(C82,FIND("/",C82,1)-1)," ",""),"") -> 3.17.4IPAC | B82: 3.17.4 | C82: IPAC/乙酸异丙酯 | E82: 0.873 | F82: - | G82: 6.98 | H82: =TEXT(ROUND(G82*树脂信息!$C$4,2),"0.00") -> 453.70 | I82: ±6% | J82: =TEXT(ROUND(H82*0.94,2),"0.00")&"~"&TEXT(ROUND(H82*1.06,2),"0.00") -> 426.48~480.92 | L82: See below/见下行 | P82: 8
A83: =IFERROR(SUBSTITUTE(IFERROR(MID(B83,FIND("/",B83,1)+1,LEN(B83)),B83)&LEFT(C83,FIND("/",C83,1)-1)," ",""),"") | D83: Qty Charged/实际投料量（kg）：1st： kg；2nd： kg；3rd： kg；
A84: =IFERROR(SUBSTITUTE(IFERROR(MID(B84,FIND("/",B84,1)+1,LEN(B84)),B84)&LEFT(C84,FIND("/",C84,1)-1)," ",""),"") | D84: 4th： kg；
A85: =IFERROR(SUBSTITUTE(IFERROR(MID(B85,FIND("/",B85,1)+1,LEN(B85)),B85)&LEFT(C85,FIND("/",C85,1)-1)," ",""),"") -> 3.17.5DMF | B85: 3.17.5 | C85: DMF/N, N-二甲基甲酰胺 | D85: 73.1 | E85: 0.948 | F85: - | G85: 7.58 | H85: =TEXT(ROUND(G85*树脂信息!$C$4,2),"0.00") -> 492.70 | I85: ±6% | J85: =TEXT(ROUND(H85*0.94,2),"0.00")&"~"&TEXT(ROUND(H85*1.06,2),"0.00") -> 463.14~522.26 | P85: 8
A86: =IFERROR(SUBSTITUTE(IFERROR(MID(B86,FIND("/",B86,1)+1,LEN(B86)),B86)&LEFT(C86,FIND("/",C86,1)-1)," ",""),"") -> 3.17.7DMF | B86: 3.17.7 | C86: DMF/N, N-二甲基甲酰胺 | D86: 73.1 | E86: 0.948 | F86: - | G86: 7.58 | H86: =TEXT(ROUND(G86*树脂信息!$C$4,2),"0.00") -> 492.70 | I86: ±6% | J86: =TEXT(ROUND(H86*0.94,2),"0.00")&"~"&TEXT(ROUND(H86*1.06,2),"0.00") -> 463.14~522.26 | P86: 8
A87: =IFERROR(SUBSTITUTE(IFERROR(MID(B87,FIND("/",B87,1)+1,LEN(B87)),B87)&LEFT(C87,FIND("/",C87,1)-1)," ",""),"") -> 3.18.1DMF | B87: 3.18.1 | C87: DMF/N, N-二甲基甲酰胺 | D87: 73.1 | E87: 0.948 | F87: - | G87: 5.69 | H87: =TEXT(ROUND(G87*树脂信息!$C$4,2),"0.00") -> 369.85 | I87: ±5% | J87: =TEXT(ROUND(H87*0.95,2),"0.00")&"~"&TEXT(ROUND(H87*1.05,2),"0.00") -> 351.36~388.34 | P87: 6
A88: =IFERROR(SUBSTITUTE(IFERROR(MID(B88,FIND("/",B88,1)+1,LEN(B88)),B88)&LEFT(C88,FIND("/",C88,1)-1)," ",""),"") -> 3.18.2Fmoc-L-Ala-OH·H2O | B88: 1.12/3.18.2 | C88: Fmoc-L-Ala-OH·H2O/芴甲氧羰基-L-丙氨酸一水合物 | D88: 329.35 | E88: - | F88: =O88 -> 2 | G88: - | H88: =ROUND(O88*D88/1000*树脂信息!$D$4,2) -> 67.65 | I88: ±3.0% | J88: =TEXT(ROUND(H88*0.97,2),"0.00")&"~"&TEXT(ROUND(H88*1.03,2),"0.00") -> 65.62~69.68 | K88: =ROUND(H88*0.03,2) -> 2.03 | M88: =(H88-H88*0.97)+(H88-H88*1.03) -> 0 | N88: 2 | O88: 2 | Q88: ="Ins "&B88&" The standard batch Qty of "&LEFT(C88,FIND("/",C88,1)-1)&"/操作"&LEFT(B88,FIND("/",B88,1)-1)&"（用于Ins."&MID(B88,FIND("/",B88,1)+1,100)&"）"&MID(C88,FIND("/",C88,1)+1,100)&"标准投料量" -> Ins 1.12/3.18.2 The standard batch Qty of Fmoc-L-Ala-OH·H2O/操作1.12（用于Ins.3.18.2）芴甲氧羰基-L-丙氨酸一水合物标准投料量 | R88: sclRoundMV(convertToMeasuredValue( convertTo(PH:{Standard Batch Moles/投料总摩尔量}.{1 Value},"mol")* | S88: ,"kg"),2,"HALF_UP") | T88: =R88&#REF!&S88 -> #REF! | U88: =COUNTIF($S$9:S88,_xlfn.IFNA(S88,$S$9:S88))+1 -> 16 | V88: =U88-1 -> 15 | W88: ="Update Ins "&MID(B88,FIND("/",B88,1)+1,100)&" plan qty of "&LEFT(C88,FIND("/",C88,1)-1)&"/更新操作"&MID(B88,FIND("/",B88,1)+1,100)&" "&MID(C88,FIND("/",C88,1)+1,100)&"计划量" -> Update Ins 3.18.2 plan qty of Fmoc-L-Ala-OH·H2O/更新操作3.18.2 芴甲氧羰基-L-丙氨酸一水合物计划量 | X88: updateWeighingPlanQuantity(" | Y88: -1", PH:{Standard batch Qty calculation/标准投料量计算-02}.{ | Z88: =X88&MID(B88,FIND("/",B88,1)+1,100)&Y88&U88&" Value})" -> updateWeighingPlanQuantity("3.18.2-1", PH:{Standard batch Qty calculation/标准投料量计算-02}.{16 Value}) | AB88: ="Ins "&LEFT(B88,FIND("/",B88,1)-1)&" Dispense "&LEFT(C88,FIND("/",C88,1)-1)&"/分装"&MID(C88,FIND("/",C88,1)+1,100) -> Ins 1.12 Dispense Fmoc-L-Ala-OH·H2O/分装芴甲氧羰基-L-丙氨酸一水合物 | AC88: =MID(B88,FIND("/",B88,1)+1,100)&" "&C88 -> 3.18.2 Fmoc-L-Ala-OH·H2O/芴甲氧羰基-L-丙氨酸一水合物
A89: =IFERROR(SUBSTITUTE(IFERROR(MID(B89,FIND("/",B89,1)+1,LEN(B89)),B89)&LEFT(C89,FIND("/",C89,1)-1)," ",""),"") -> 3.18.4Oxymapure | B89: 1.13/3.18.4 | C89: Oxyma pure/2-肟氰乙酸乙酯 | D89: 142.11 | E89: - | F89: =O89 -> 2 | G89: - | H89: =ROUND(O89*D89/1000*树脂信息!$D$4,2) -> 29.19 | I89: ±3.0% | J89: =TEXT(ROUND(H89*0.97,2),"0.00")&"~"&TEXT(ROUND(H89*1.03,2),"0.00") -> 28.31~30.07 | K89: =ROUND(H89*0.03,2) -> 0.88 | M89: =(H89-H89*0.97)+(H89-H89*1.03) -> 0 | N89: 2 | O89: 2 | Q89: ="Ins "&B89&" The standard batch Qty of "&LEFT(C89,FIND("/",C89,1)-1)&"/操作"&LEFT(B89,FIND("/",B89,1)-1)&"（用于Ins."&MID(B89,FIND("/",B89,1)+1,100)&"）"&MID(C89,FIND("/",C89,1)+1,100)&"标准投料量" -> Ins 1.13/3.18.4 The standard batch Qty of Oxyma pure/操作1.13（用于Ins.3.18.4）2-肟氰乙酸乙酯标准投料量 | R89: sclRoundMV(convertToMeasuredValue( convertTo(PH:{Standard Batch Moles/投料总摩尔量}.{1 Value},"mol")* | S89: ,"kg"),2,"HALF_UP") | T89: =R89&#REF!&S89 -> #REF! | U89: =COUNTIF($S$9:S89,_xlfn.IFNA(S89,$S$9:S89))+1 -> 17 | V89: =U89-1 -> 16 | W89: ="Update Ins "&MID(B89,FIND("/",B89,1)+1,100)&" plan qty of "&LEFT(C89,FIND("/",C89,1)-1)&"/更新操作"&MID(B89,FIND("/",B89,1)+1,100)&" "&MID(C89,FIND("/",C89,1)+1,100)&"计划量" -> Update Ins 3.18.4 plan qty of Oxyma pure/更新操作3.18.4 2-肟氰乙酸乙酯计划量 | X89: updateWeighingPlanQuantity(" | Y89: -1", PH:{Standard batch Qty calculation/标准投料量计算-02}.{ | Z89: =X89&MID(B89,FIND("/",B89,1)+1,100)&Y89&U89&" Value})" -> updateWeighingPlanQuantity("3.18.4-1", PH:{Standard batch Qty calculation/标准投料量计算-02}.{17 Value}) | AB89: ="Ins "&LEFT(B89,FIND("/",B89,1)-1)&" Dispense "&LEFT(C89,FIND("/",C89,1)-1)&"/分装"&MID(C89,FIND("/",C89,1)+1,100) -> Ins 1.13 Dispense Oxyma pure/分装2-肟氰乙酸乙酯 | AC89: =MID(B89,FIND("/",B89,1)+1,100)&" "&C89 -> 3.18.4 Oxyma pure/2-肟氰乙酸乙酯
A90: =IFERROR(SUBSTITUTE(IFERROR(MID(B90,FIND("/",B90,1)+1,LEN(B90)),B90)&LEFT(C90,FIND("/",C90,1)-1)," ",""),"") -> 3.18.5DMF | B90: 3.18.5 | C90: DMF/N, N-二甲基甲酰胺 | D90: 73.1 | E90: 0.948 | F90: - | G90: 0.95 | H90: =TEXT(ROUND(G90*树脂信息!$C$4,2),"0.00") -> 61.75 | I90: ±6% | J90: =TEXT(ROUND(H90*0.94,2),"0.00")&"~"&TEXT(ROUND(H90*1.06,2),"0.00") -> 58.05~65.46 | P90: 1
A91: =IFERROR(SUBSTITUTE(IFERROR(MID(B91,FIND("/",B91,1)+1,LEN(B91)),B91)&LEFT(C91,FIND("/",C91,1)-1)," ",""),"") -> 3.18.6DIC | B91: 3.18.6 | C91: DIC/N,N’-二异丙基碳二亚胺 | D91: 126.2 | E91: - | F91: =O91 -> 2.2 | G91: - | H91: =ROUND(O91*D91/1000*树脂信息!$D$4,2) -> 28.51 | I91: ±3.0% | J91: =TEXT(ROUND(H91*0.97,2),"0.00")&"~"&TEXT(ROUND(H91*1.03,2),"0.00") -> 27.65~29.37 | K91: =ROUND(H91*0.03,2) -> 0.86 | M91: =(H91-H91*0.97)+(H91-H91*1.03) -> 0 | N91: 2.2 | O91: 2.2
A92: =IFERROR(SUBSTITUTE(IFERROR(MID(B92,FIND("/",B92,1)+1,LEN(B92)),B92)&LEFT(C92,FIND("/",C92,1)-1)," ",""),"") -> 3.19.2DMF | B92: 3.19.2 | C92: DMF/N, N-二甲基甲酰胺 | D92: 73.1 | E92: 0.948 | F92: - | G92: 0.95 | H92: =TEXT(ROUND(G92*树脂信息!$C$4,2),"0.00") -> 61.75 | I92: ±6% | J92: =TEXT(ROUND(H92*0.94,2),"0.00")&"~"&TEXT(ROUND(H92*1.06,2),"0.00") -> 58.05~65.46 | P92: 1
A93: =IFERROR(SUBSTITUTE(IFERROR(MID(B93,FIND("/",B93,1)+1,LEN(B93)),B93)&LEFT(C93,FIND("/",C93,1)-1)," ",""),"") -> 3.19.6DMF | B93: 3.19.6 | C93: DMF/N, N-二甲基甲酰胺 | D93: 73.1 | E93: 0.948 | F93: - | G93: 9.48 | H93: =TEXT(ROUND(G93*树脂信息!$C$4,2),"0.00") -> 616.20 | I93: ±6% | J93: =TEXT(ROUND(H93*0.94,2),"0.00")&"~"&TEXT(ROUND(H93*1.06,2),"0.00") -> 579.23~653.17 | L93: See below/见下行 | P93: 10
A94: =IFERROR(SUBSTITUTE(IFERROR(MID(B94,FIND("/",B94,1)+1,LEN(B94)),B94)&LEFT(C94,FIND("/",C94,1)-1)," ",""),"") | D94: Qty Charged/实际投料量（kg）：1st： kg；2nd： kg；3rd： kg；
A95: =IFERROR(SUBSTITUTE(IFERROR(MID(B95,FIND("/",B95,1)+1,LEN(B95)),B95)&LEFT(C95,FIND("/",C95,1)-1)," ",""),"") | B95: （7）Fmoc-L-Thr(tBu)-OH/芴甲氧羰基-叔丁基-L-苏氨酸
A96: =IFERROR(SUBSTITUTE(IFERROR(MID(B96,FIND("/",B96,1)+1,LEN(B96)),B96)&LEFT(C96,FIND("/",C96,1)-1)," ",""),"") -> 3.20.120%piperidinesolution | B96: 3.20.1 | C96: 20% piperidine solution/20%哌啶溶液 | D96: - | E96: 0.931 | F96: - | G96: 7.44 | H96: =TEXT(ROUND(G96*树脂信息!$C$4,2),"0.00") -> 483.60 | I96: ±6% | J96: =TEXT(ROUND(H96*0.94,2),"0.00")&"~"&TEXT(ROUND(H96*1.06,2),"0.00") -> 454.58~512.62 | L96: See below/见下行 | P96: 8
A97: =IFERROR(SUBSTITUTE(IFERROR(MID(B97,FIND("/",B97,1)+1,LEN(B97)),B97)&LEFT(C97,FIND("/",C97,1)-1)," ",""),"") -> 3.20.4IPAC | B97: 3.20.4 | C97: IPAC/乙酸异丙酯 | E97: 0.873 | F97: - | G97: 8.73 | H97: =TEXT(ROUND(G97*树脂信息!$C$4,2),"0.00") -> 567.45 | I97: ±6% | J97: =TEXT(ROUND(H97*0.94,2),"0.00")&"~"&TEXT(ROUND(H97*1.06,2),"0.00") -> 533.40~601.50 | L97: See below/见下行 | P97: 10
A98: =IFERROR(SUBSTITUTE(IFERROR(MID(B98,FIND("/",B98,1)+1,LEN(B98)),B98)&LEFT(C98,FIND("/",C98,1)-1)," ",""),"") | D98: Qty Charged/实际投料量（kg）：1st： kg；2nd： kg；3rd： kg；
A99: =IFERROR(SUBSTITUTE(IFERROR(MID(B99,FIND("/",B99,1)+1,LEN(B99)),B99)&LEFT(C99,FIND("/",C99,1)-1)," ",""),"") | D99: 4th： kg；
A100: =IFERROR(SUBSTITUTE(IFERROR(MID(B100,FIND("/",B100,1)+1,LEN(B100)),B100)&LEFT(C100,FIND("/",C100,1)-1)," ",""),"") -> 3.20.5DMF | B100: 3.20.5 | C100: DMF/N, N-二甲基甲酰胺 | D100: 73.1 | E100: 0.948 | F100: - | G100: 9.48 | H100: =TEXT(ROUND(G100*树脂信息!$C$4,2),"0.00") -> 616.20 | I100: ±6% | J100: =TEXT(ROUND(H100*0.94,2),"0.00")&"~"&TEXT(ROUND(H100*1.06,2),"0.00") -> 579.23~653.17 | P100: 10
...

Sheet MOR投料表
B1: Operation Instruction No. | C1: Raw Material Name | D1: Density/ | E1: Mol. Wt. of material/ | F1: Volume/Weight Ratio to limiting material/与基准原料质量体积比 | G1: Qty Ratio to limiting material/ | H1: Mol Ratio to limiting | I1: Standard Batch Qty/标准投料量*（kg） | J1: Weighing accuracy/称量精确度 | K1: Acceptable weighing range/可接受称量范围（kg） | L1: 计算标准投料量 | M1: 计算可接受范围 | N1: 标准投料量比对 | O1: 可接受范围比对
A2: =IFERROR(SUBSTITUTE(IFERROR(MID(B2,FIND("/",B2,1)+1,LEN(B2)),B2)&LEFT(C2,FIND("/",C2,1)-1)," ",""),"") -> 3DMF | B2: 3 | C2: DMF/ | D2: 0.95 | E2: 73.1 | F2: 6 | G2: 5.69 | H2: - | I2: 369.85 | J2: ±6% | K2: 347.66~392.04 | L2: =TEXT(VLOOKUP(A2,氨基酸和溶剂信息!A:J,8,FALSE),"0.00") -> 369.85 | M2: =VLOOKUP(A2,氨基酸和溶剂信息!A:J,10,FALSE) -> 347.66~392.04 | N2: =TEXT(L2,"0.00")=TEXT(I2,"0.00") -> TRUE | O2: =K2=M2 -> TRUE
A3: =IFERROR(SUBSTITUTE(IFERROR(MID(B3,FIND("/",B3,1)+1,LEN(B3)),B3)&LEFT(C3,FIND("/",C3,1)-1)," ",""),"") -> 3DMF | B3: 3 | C3: DMF/ | D3: 0.95 | E3: 73.1 | F3: 6 | G3: 5.69 | H3: - | I3: 369.85 | J3: ±6% | K3: 347.66~392.04 | L3: =TEXT(VLOOKUP(A3,氨基酸和溶剂信息!A:J,8,FALSE),"0.00") -> 369.85 | M3: =VLOOKUP(A3,氨基酸和溶剂信息!A:J,10,FALSE) -> 347.66~392.04 | N3: =TEXT(L3,"0.00")=TEXT(I3,"0.00") -> TRUE | O3: =K3=M3 -> TRUE
A4: =IFERROR(SUBSTITUTE(IFERROR(MID(B4,FIND("/",B4,1)+1,LEN(B4)),B4)&LEFT(C4,FIND("/",C4,1)-1)," ",""),"") -> 3.1.3DMF | B4: 3.1.3 | C4: DMF/ | D4: 0.95 | E4: 73.1 | F4: 8 | G4: 7.58 | H4: - | I4: 492.7 | J4: ±6% | K4: 463.14~522.26 | L4: =TEXT(VLOOKUP(A4,氨基酸和溶剂信息!A:J,8,FALSE),"0.00") -> 492.70 | M4: =VLOOKUP(A4,氨基酸和溶剂信息!A:J,10,FALSE) -> 463.14~522.26 | N4: =TEXT(L4,"0.00")=TEXT(I4,"0.00") -> TRUE | O4: =K4=M4 -> TRUE
A5: =IFERROR(SUBSTITUTE(IFERROR(MID(B5,FIND("/",B5,1)+1,LEN(B5)),B5)&LEFT(C5,FIND("/",C5,1)-1)," ",""),"") -> 3.1.6DMF | B5: 3.1.6 | C5: DMF/ | D5: 0.95 | E5: 73.1 | F5: 6 | G5: 5.69 | H5: - | I5: 369.85 | J5: ±5% | K5: 351.36~388.34 | L5: =TEXT(VLOOKUP(A5,氨基酸和溶剂信息!A:J,8,FALSE),"0.00") -> 369.85 | M5: =VLOOKUP(A5,氨基酸和溶剂信息!A:J,10,FALSE) -> 351.36~388.34 | N5: =TEXT(L5,"0.00")=TEXT(I5,"0.00") -> TRUE | O5: =K5=M5 -> TRUE
A6: =IFERROR(SUBSTITUTE(IFERROR(MID(B6,FIND("/",B6,1)+1,LEN(B6)),B6)&LEFT(C6,FIND("/",C6,1)-1)," ",""),"") -> 3.1.7Fmoc-Gly-OH | B6: 1.2/3.1.7 | C6: Fmoc-Gly-OH/ | D6: - | E6: 297.31 | F6: - | G6: - | H6: 2.25 | J6: ±3% | L6: =TEXT(VLOOKUP(A6,氨基酸和溶剂信息!A:J,8,FALSE),"0.00") -> 68.70 | M6: =VLOOKUP(A6,氨基酸和溶剂信息!A:J,10,FALSE) -> 66.64~70.76 | N6: =TEXT(L6,"0.00")=TEXT(I6,"0.00") -> FALSE | O6: =K6=M6 -> FALSE
A7: =IFERROR(SUBSTITUTE(IFERROR(MID(B7,FIND("/",B7,1)+1,LEN(B7)),B7)&LEFT(C7,FIND("/",C7,1)-1)," ",""),"") -> 3.1.8DMF | B7: 3.1.8 | C7: DMF/ | E7: 73.1 | F7: 1 | G7: 0.95 | H7: - | I7: 61.75 | J7: ±6% | K7: 58.05~65.46 | L7: =TEXT(VLOOKUP(A7,氨基酸和溶剂信息!A:J,8,FALSE),"0.00") -> 61.75 | M7: =VLOOKUP(A7,氨基酸和溶剂信息!A:J,10,FALSE) -> 58.05~65.46 | N7: =TEXT(L7,"0.00")=TEXT(I7,"0.00") -> TRUE | O7: =K7=M7 -> TRUE
A8: =IFERROR(SUBSTITUTE(IFERROR(MID(B8,FIND("/",B8,1)+1,LEN(B8)),B8)&LEFT(C8,FIND("/",C8,1)-1)," ",""),"") -> 3.1.9DMF | B8: 3.1.9 | C8: DMF/ | D8: 0.95 | E8: 73.1 | F8: 5 | G8: 4.74 | H8: - | I8: 308.1 | J8: ±6% | K8: 289.61~326.59 | L8: =TEXT(VLOOKUP(A8,氨基酸和溶剂信息!A:J,8,FALSE),"0.00") -> 308.10 | M8: =VLOOKUP(A8,氨基酸和溶剂信息!A:J,10,FALSE) -> 289.61~326.59 | N8: =TEXT(L8,"0.00")=TEXT(I8,"0.00") -> TRUE | O8: =K8=M8 -> TRUE
A9: =IFERROR(SUBSTITUTE(IFERROR(MID(B9,FIND("/",B9,1)+1,LEN(B9)),B9)&LEFT(C9,FIND("/",C9,1)-1)," ",""),"") -> 3.2.1DIPEA | B9: 3.2.1 | C9: DIPEA/ | D9: 0.742 | E9: 129.24 | F9: - | G9: - | H9: 6 | J9: ±3% | L9: =TEXT(VLOOKUP(A9,氨基酸和溶剂信息!A:J,8,FALSE),"0.00") -> 79.64 | M9: =VLOOKUP(A9,氨基酸和溶剂信息!A:J,10,FALSE) -> 77.25~82.03 | N9: =TEXT(L9,"0.00")=TEXT(I9,"0.00") -> FALSE | O9: =K9=M9 -> FALSE
A10: =IFERROR(SUBSTITUTE(IFERROR(MID(B10,FIND("/",B10,1)+1,LEN(B10)),B10)&LEFT(C10,FIND("/",C10,1)-1)," ",""),"") -> 3.3.2DMF | B10: 3.3.2 | C10: DMF/ | D10: 0.95 | E10: 73.1 | F10: 1 | G10: 0.95 | H10: - | I10: 61.75 | J10: ±6% | K10: 58.05~65.46 | L10: =TEXT(VLOOKUP(A10,氨基酸和溶剂信息!A:J,8,FALSE),"0.00") -> 61.75 | M10: =VLOOKUP(A10,氨基酸和溶剂信息!A:J,10,FALSE) -> 58.05~65.46 | N10: =TEXT(L10,"0.00")=TEXT(I10,"0.00") -> TRUE | O10: =K10=M10 -> TRUE
A11: =IFERROR(SUBSTITUTE(IFERROR(MID(B11,FIND("/",B11,1)+1,LEN(B11)),B11)&LEFT(C11,FIND("/",C11,1)-1)," ",""),"") -> 3.3.6DMF | B11: 3.3.6 | C11: DMF/ | D11: 0.95 | E11: 73.1 | F11: 8 | G11: 7.58 | H11: - | I11: 492.7 | J11: ±6% | K11: 463.14~522.26 | L11: =TEXT(VLOOKUP(A11,氨基酸和溶剂信息!A:J,8,FALSE),"0.00") -> 492.70 | M11: =VLOOKUP(A11,氨基酸和溶剂信息!A:J,10,FALSE) -> 463.14~522.26 | N11: =TEXT(L11,"0.00")=TEXT(I11,"0.00") -> TRUE | O11: =K11=M11 -> TRUE
A12: =IFERROR(SUBSTITUTE(IFERROR(MID(B12,FIND("/",B12,1)+1,LEN(B12)),B12)&LEFT(C12,FIND("/",C12,1)-1)," ",""),"") -> 3.4.1DMF | B12: 3.4.1 | C12: DMF/ | D12: 0.95 | E12: 73.1 | F12: 9 | G12: 8.53 | H12: - | I12: 554.45 | J12: ±6% | K12: 521.18~587.72 | L12: =TEXT(VLOOKUP(A12,氨基酸和溶剂信息!A:J,8,FALSE),"0.00") -> 554.45 | M12: =VLOOKUP(A12,氨基酸和溶剂信息!A:J,10,FALSE) -> 521.18~587.72 | N12: =TEXT(L12,"0.00")=TEXT(I12,"0.00") -> TRUE | O12: =K12=M12 -> TRUE
A13: =IFERROR(SUBSTITUTE(IFERROR(MID(B13,FIND("/",B13,1)+1,LEN(B13)),B13)&LEFT(C13,FIND("/",C13,1)-1)," ",""),"") -> 3.4.2Methanol | B13: 3.4.2 | C13: Methanol/ | D13: 0.792 | E13: 32.01 | F13: - | G13: - | H13: 10 | J13: ±3% | L13: =TEXT(VLOOKUP(A13,氨基酸和溶剂信息!A:J,8,FALSE),"0.00") -> 32.87 | M13: =VLOOKUP(A13,氨基酸和溶剂信息!A:J,10,FALSE) -> 31.88~33.86 | N13: =TEXT(L13,"0.00")=TEXT(I13,"0.00") -> FALSE | O13: =K13=M13 -> FALSE
A14: =IFERROR(SUBSTITUTE(IFERROR(MID(B14,FIND("/",B14,1)+1,LEN(B14)),B14)&LEFT(C14,FIND("/",C14,1)-1)," ",""),"") -> 3.4.3DIPEA | B14: 3.4.3 | C14: DIPEA/ | D14: 0.742 | E14: 129.24 | F14: - | G14: - | H14: 5 | J14: ±3% | L14: =TEXT(VLOOKUP(A14,氨基酸和溶剂信息!A:J,8,FALSE),"0.00") -> 66.36 | M14: =VLOOKUP(A14,氨基酸和溶剂信息!A:J,10,FALSE) -> 64.37~68.35 | N14: =TEXT(L14,"0.00")=TEXT(I14,"0.00") -> FALSE | O14: =K14=M14 -> FALSE
A15: =IFERROR(SUBSTITUTE(IFERROR(MID(B15,FIND("/",B15,1)+1,LEN(B15)),B15)&LEFT(C15,FIND("/",C15,1)-1)," ",""),"") -> 3.4.6DMF | B15: 3.4.6 | C15: DMF/ | D15: 0.95 | E15: 73.1 | F15: 8 | G15: 7.58 | H15: - | I15: 492.7 | J15: ±6% | K15: 463.14~522.26 | L15: =TEXT(VLOOKUP(A15,氨基酸和溶剂信息!A:J,8,FALSE),"0.00") -> 492.70 | M15: =VLOOKUP(A15,氨基酸和溶剂信息!A:J,10,FALSE) -> 463.14~522.26 | N15: =TEXT(L15,"0.00")=TEXT(I15,"0.00") -> TRUE | O15: =K15=M15 -> TRUE
A16: =IFERROR(SUBSTITUTE(IFERROR(MID(B16,FIND("/",B16,1)+1,LEN(B16)),B16)&LEFT(C16,FIND("/",C16,1)-1)," ",""),"") -> 3.5.120%Piperidinesolution | B16: 3.5.1 | C16: 20% Piperidine solution/ | D16: 0.931 | E16: - | F16: 8 | G16: 7.44 | H16: - | I16: 483.6 | J16: ±6% | K16: 454.58~512.62 | L16: =TEXT(VLOOKUP(A16,氨基酸和溶剂信息!A:J,8,FALSE),"0.00") -> 483.60 | M16: =VLOOKUP(A16,氨基酸和溶剂信息!A:J,10,FALSE) -> 454.58~512.62 | N16: =TEXT(L16,"0.00")=TEXT(I16,"0.00") -> TRUE | O16: =K16=M16 -> TRUE
A17: =IFERROR(SUBSTITUTE(IFERROR(MID(B17,FIND("/",B17,1)+1,LEN(B17)),B17)&LEFT(C17,FIND("/",C17,1)-1)," ",""),"") -> 3.5.4IPAc | B17: 3.5.4 | C17: IPAc/ | D17: 0.873 | E17: 102.13 | F17: 8 | G17: 6.98 | H17: - | I17: 453.7 | J17: ±6% | K17: 426.48~480.92 | L17: =TEXT(VLOOKUP(A17,氨基酸和溶剂信息!A:J,8,FALSE),"0.00") -> 453.70 | M17: =VLOOKUP(A17,氨基酸和溶剂信息!A:J,10,FALSE) -> 426.48~480.92 | N17: =TEXT(L17,"0.00")=TEXT(I17,"0.00") -> TRUE | O17: =K17=M17 -> TRUE
A18: =IFERROR(SUBSTITUTE(IFERROR(MID(B18,FIND("/",B18,1)+1,LEN(B18)),B18)&LEFT(C18,FIND("/",C18,1)-1)," ",""),"") -> 3.5.5DMF | B18: 3.5.5 | C18: DMF/ | D18: 0.95 | E18: 73.1 | F18: 8 | G18: 7.58 | H18: - | I18: 492.7 | J18: ±6% | K18: 463.14~522.26 | L18: =TEXT(VLOOKUP(A18,氨基酸和溶剂信息!A:J,8,FALSE),"0.00") -> 492.70 | M18: =VLOOKUP(A18,氨基酸和溶剂信息!A:J,10,FALSE) -> 463.14~522.26 | N18: =TEXT(L18,"0.00")=TEXT(I18,"0.00") -> TRUE | O18: =K18=M18 -> TRUE
A19: =IFERROR(SUBSTITUTE(IFERROR(MID(B19,FIND("/",B19,1)+1,LEN(B19)),B19)&LEFT(C19,FIND("/",C19,1)-1)," ",""),"") -> 3.5.7DMF | B19: 3.5.7 | C19: DMF/ | D19: 0.95 | E19: 73.1 | F19: 8 | G19: 7.58 | H19: - | I19: 492.7 | J19: ±6% | K19: 463.14~522.26 | L19: =TEXT(VLOOKUP(A19,氨基酸和溶剂信息!A:J,8,FALSE),"0.00") -> 492.70 | M19: =VLOOKUP(A19,氨基酸和溶剂信息!A:J,10,FALSE) -> 463.14~522.26 | N19: =TEXT(L19,"0.00")=TEXT(I19,"0.00") -> TRUE | O19: =K19=M19 -> TRUE
A20: =IFERROR(SUBSTITUTE(IFERROR(MID(B20,FIND("/",B20,1)+1,LEN(B20)),B20)&LEFT(C20,FIND("/",C20,1)-1)," ",""),"") -> 3.6.1DMF | B20: 3.6.1 | C20: DMF/ | D20: 0.95 | E20: 73.1 | F20: 4 | G20: 3.79 | H20: - | I20: 246.35 | J20: ±5% | K20: 234.03~258.67 | L20: =TEXT(VLOOKUP(A20,氨基酸和溶剂信息!A:J,8,FALSE),"0.00") -> 246.35 | M20: =VLOOKUP(A20,氨基酸和溶剂信息!A:J,10,FALSE) -> 234.03~258.67 | N20: =TEXT(L20,"0.00")=TEXT(I20,"0.00") -> TRUE | O20: =K20=M20 -> TRUE
A21: =IFERROR(SUBSTITUTE(IFERROR(MID(B21,FIND("/",B21,1)+1,LEN(B21)),B21)&LEFT(C21,FIND("/",C21,1)-1)," ",""),"") -> 3.6.2Fmoc-L-Thr(tBu)-OH | B21: 1.3/3.6.2 | C21: Fmoc-L-Thr(tBu)-OH/ | D21: - | E21: 397.47 | F21: - | G21: - | H21: 2 | J21: ±3% | L21: =TEXT(VLOOKUP(A21,氨基酸和溶剂信息!A:J,8,FALSE),"0.00") -> 81.64 | M21: =VLOOKUP(A21,氨基酸和溶剂信息!A:J,10,FALSE) -> 79.19~84.09 | N21: =TEXT(L21,"0.00")=TEXT(I21,"0.00") -> FALSE | O21: =K21=M21 -> FALSE
A22: =IFERROR(SUBSTITUTE(IFERROR(MID(B22,FIND("/",B22,1)+1,LEN(B22)),B22)&LEFT(C22,FIND("/",C22,1)-1)," ",""),"") -> 3.6.4PyBOP | B22: 1.4/3.6.4 | C22: PyBOP/ | D22: - | E22: 520.39 | F22: - | G22: - | H22: 2 | J22: ±3% | L22: =TEXT(VLOOKUP(A22,氨基酸和溶剂信息!A:J,8,FALSE),"0.00") -> 106.89 | M22: =VLOOKUP(A22,氨基酸和溶剂信息!A:J,10,FALSE) -> 103.68~110.10 | N22: =TEXT(L22,"0.00")=TEXT(I22,"0.00") -> FALSE | O22: =K22=M22 -> FALSE
A23: =IFERROR(SUBSTITUTE(IFERROR(MID(B23,FIND("/",B23,1)+1,LEN(B23)),B23)&LEFT(C23,FIND("/",C23,1)-1)," ",""),"") -> 3.6.5OxymaPure | B23: 1.5/3.6.5 | C23: Oxyma Pure/ | D23: - | E23: 142.11 | F23: - | G23: - | H23: 2 | J23: ±3% | L23: =TEXT(VLOOKUP(A23,氨基酸和溶剂信息!A:J,8,FALSE),"0.00") -> 29.19 | M23: =VLOOKUP(A23,氨基酸和溶剂信息!A:J,10,FALSE) -> 28.31~30.07 | N23: =TEXT(L23,"0.00")=TEXT(I23,"0.00") -> FALSE | O23: =K23=M23 -> FALSE
A24: =IFERROR(SUBSTITUTE(IFERROR(MID(B24,FIND("/",B24,1)+1,LEN(B24)),B24)&LEFT(C24,FIND("/",C24,1)-1)," ",""),"") -> 3.6.6DMF | B24: 3.6.6 | C24: DMF/ | D24: 0.95 | E24: 73.1 | F24: 1 | G24: 0.95 | H24: - | I24: 61.75 | J24: ±6% | K24: 58.05~65.46 | L24: =TEXT(VLOOKUP(A24,氨基酸和溶剂信息!A:J,8,FALSE),"0.00") -> 61.75 | M24: =VLOOKUP(A24,氨基酸和溶剂信息!A:J,10,FALSE) -> 58.05~65.46 | N24: =TEXT(L24,"0.00")=TEXT(I24,"0.00") -> TRUE | O24: =K24=M24 -> TRUE
A25: =IFERROR(SUBSTITUTE(IFERROR(MID(B25,FIND("/",B25,1)+1,LEN(B25)),B25)&LEFT(C25,FIND("/",C25,1)-1)," ",""),"") -> 3.6.7DIPEA | B25: 3.6.7 | C25: DIPEA/ | D25: 0.742 | E25: 129.24 | F25: - | G25: - | H25: 3 | J25: ±3% | L25: =TEXT(VLOOKUP(A25,氨基酸和溶剂信息!A:J,8,FALSE),"0.00") -> 39.82 | M25: =VLOOKUP(A25,氨基酸和溶剂信息!A:J,10,FALSE) -> 38.63~41.01 | N25: =TEXT(L25,"0.00")=TEXT(I25,"0.00") -> FALSE | O25: =K25=M25 -> FALSE
A26: =IFERROR(SUBSTITUTE(IFERROR(MID(B26,FIND("/",B26,1)+1,LEN(B26)),B26)&LEFT(C26,FIND("/",C26,1)-1)," ",""),"") -> 3.7.1DMF | B26: 3.7.1 | C26: DMF/ | D26: 0.95 | E26: 73.1 | F26: 3 | G26: 2.84 | H26: - | I26: 184.6 | J26: ±6% | K26: 173.52~195.68 | L26: =TEXT(VLOOKUP(A26,氨基酸和溶剂信息!A:J,8,FALSE),"0.00") -> 184.60 | M26: =VLOOKUP(A26,氨基酸和溶剂信息!A:J,10,FALSE) -> 173.52~195.68 | N26: =TEXT(L26,"0.00")=TEXT(I26,"0.00") -> TRUE | O26: =K26=M26 -> TRUE
A27: =IFERROR(SUBSTITUTE(IFERROR(MID(B27,FIND("/",B27,1)+1,LEN(B27)),B27)&LEFT(C27,FIND("/",C27,1)-1)," ",""),"") -> 3.7.3DMF | B27: 3.7.3 | C27: DMF/ | D27: 0.95 | E27: 73.1 | F27: 1 | G27: 0.95 | H27: - | I27: 61.75 | J27: ±6% | K27: 58.05~65.46 | L27: =TEXT(VLOOKUP(A27,氨基酸和溶剂信息!A:J,8,FALSE),"0.00") -> 61.75 | M27: =VLOOKUP(A27,氨基酸和溶剂信息!A:J,10,FALSE) -> 58.05~65.46 | N27: =TEXT(L27,"0.00")=TEXT(I27,"0.00") -> TRUE | O27: =K27=M27 -> TRUE
A28: =IFERROR(SUBSTITUTE(IFERROR(MID(B28,FIND("/",B28,1)+1,LEN(B28)),B28)&LEFT(C28,FIND("/",C28,1)-1)," ",""),"") -> 3.7.7DMF | B28: 3.7.7 | C28: DMF/ | D28: 0.95 | E28: 73.1 | F28: 8 | G28: 7.58 | H28: - | I28: 492.7 | J28: ±6% | K28: 463.14~522.26 | L28: =TEXT(VLOOKUP(A28,氨基酸和溶剂信息!A:J,8,FALSE),"0.00") -> 492.70 | M28: =VLOOKUP(A28,氨基酸和溶剂信息!A:J,10,FALSE) -> 463.14~522.26 | N28: =TEXT(L28,"0.00")=TEXT(I28,"0.00") -> TRUE | O28: =K28=M28 -> TRUE
A29: =IFERROR(SUBSTITUTE(IFERROR(MID(B29,FIND("/",B29,1)+1,LEN(B29)),B29)&LEFT(C29,FIND("/",C29,1)-1)," ",""),"") -> 3.8.120%Piperidinesolution | B29: 3.8.1 | C29: 20% Piperidine solution/ | D29: 0.931 | E29: - | F29: 8 | G29: 7.44 | H29: - | I29: 483.6 | J29: ±6% | K29: 454.58~512.62 | L29: =TEXT(VLOOKUP(A29,氨基酸和溶剂信息!A:J,8,FALSE),"0.00") -> 483.60 | M29: =VLOOKUP(A29,氨基酸和溶剂信息!A:J,10,FALSE) -> 454.58~512.62 | N29: =TEXT(L29,"0.00")=TEXT(I29,"0.00") -> TRUE | O29: =K29=M29 -> TRUE
A30: =IFERROR(SUBSTITUTE(IFERROR(MID(B30,FIND("/",B30,1)+1,LEN(B30)),B30)&LEFT(C30,FIND("/",C30,1)-1)," ",""),"") -> 3.8.4IPAc | B30: 3.8.4 | C30: IPAc/ | D30: 0.873 | E30: 102.13 | F30: 8 | G30: 6.98 | H30: - | I30: 453.7 | J30: ±6% | K30: 426.48~480.92 | L30: =TEXT(VLOOKUP(A30,氨基酸和溶剂信息!A:J,8,FALSE),"0.00") -> 453.70 | M30: =VLOOKUP(A30,氨基酸和溶剂信息!A:J,10,FALSE) -> 426.48~480.92 | N30: =TEXT(L30,"0.00")=TEXT(I30,"0.00") -> TRUE | O30: =K30=M30 -> TRUE
A31: =IFERROR(SUBSTITUTE(IFERROR(MID(B31,FIND("/",B31,1)+1,LEN(B31)),B31)&LEFT(C31,FIND("/",C31,1)-1)," ",""),"") -> 3.8.5DMF | B31: 3.8.5 | C31: DMF/ | D31: 0.95 | E31: 73.1 | F31: 8 | G31: 7.58 | H31: - | I31: 492.7 | J31: ±6% | K31: 463.14~522.26 | L31: =TEXT(VLOOKUP(A31,氨基酸和溶剂信息!A:J,8,FALSE),"0.00") -> 492.70 | M31: =VLOOKUP(A31,氨基酸和溶剂信息!A:J,10,FALSE) -> 463.14~522.26 | N31: =TEXT(L31,"0.00")=TEXT(I31,"0.00") -> TRUE | O31: =K31=M31 -> TRUE
A32: =IFERROR(SUBSTITUTE(IFERROR(MID(B32,FIND("/",B32,1)+1,LEN(B32)),B32)&LEFT(C32,FIND("/",C32,1)-1)," ",""),"") -> 3.8.7DMF | B32: 3.8.7 | C32: DMF/ | D32: 0.95 | E32: 73.1 | F32: 8 | G32: 7.58 | H32: - | I32: 492.7 | J32: ±6% | K32: 463.14~522.26 | L32: =TEXT(VLOOKUP(A32,氨基酸和溶剂信息!A:J,8,FALSE),"0.00") -> 492.70 | M32: =VLOOKUP(A32,氨基酸和溶剂信息!A:J,10,FALSE) -> 463.14~522.26 | N32: =TEXT(L32,"0.00")=TEXT(I32,"0.00") -> TRUE | O32: =K32=M32 -> TRUE
A33: =IFERROR(SUBSTITUTE(IFERROR(MID(B33,FIND("/",B33,1)+1,LEN(B33)),B33)&LEFT(C33,FIND("/",C33,1)-1)," ",""),"") -> 3.9.1DMF | B33: 3.9.1 | C33: DMF/ | D33: 0.95 | E33: 73.1 | F33: 6 | G33: 5.69 | H33: - | I33: 369.85 | J33: ±5% | K33: 351.36~388.34 | L33: =TEXT(VLOOKUP(A33,氨基酸和溶剂信息!A:J,8,FALSE),"0.00") -> 369.85 | M33: =VLOOKUP(A33,氨基酸和溶剂信息!A:J,10,FALSE) -> 351.36~388.34 | N33: =TEXT(L33,"0.00")=TEXT(I33,"0.00") -> TRUE | O33: =K33=M33 -> TRUE
A34: =IFERROR(SUBSTITUTE(IFERROR(MID(B34,FIND("/",B34,1)+1,LEN(B34)),B34)&LEFT(C34,FIND("/",C34,1)-1)," ",""),"") -> 3.9.2Fmoc-L-Ala-OH·H2O | B34: 1.6/3.9.2 | C34: Fmoc-L-Ala-OH·H2O/ | D34: - | E34: 329.35 | F34: - | G34: - | H34: 2 | J34: ±3% | L34: =TEXT(VLOOKUP(A34,氨基酸和溶剂信息!A:J,8,FALSE),"0.00") -> 67.65 | M34: =VLOOKUP(A34,氨基酸和溶剂信息!A:J,10,FALSE) -> 65.62~69.68 | N34: =TEXT(L34,"0.00")=TEXT(I34,"0.00") -> FALSE | O34: =K34=M34 -> FALSE
A35: =IFERROR(SUBSTITUTE(IFERROR(MID(B35,FIND("/",B35,1)+1,LEN(B35)),B35)&LEFT(C35,FIND("/",C35,1)-1)," ",""),"") -> 3.9.4OxymaPure | B35: 1.7/3.9.4 | C35: Oxyma Pure/ | D35: - | E35: 142.11 | F35: - | G35: - | H35: 2 | J35: ±3% | L35: =TEXT(VLOOKUP(A35,氨基酸和溶剂信息!A:J,8,FALSE),"0.00") -> 29.19 | M35: =VLOOKUP(A35,氨基酸和溶剂信息!A:J,10,FALSE) -> 28.31~30.07 | N35: =TEXT(L35,"0.00")=TEXT(I35,"0.00") -> FALSE | O35: =K35=M35 -> FALSE
A36: =IFERROR(SUBSTITUTE(IFERROR(MID(B36,FIND("/",B36,1)+1,LEN(B36)),B36)&LEFT(C36,FIND("/",C36,1)-1)," ",""),"") -> 3.9.5DMF | B36: 3.9.5 | C36: DMF/ | D36: 0.95 | E36: 73.1 | F36: 1 | G36: 0.95 | H36: - | I36: 61.75 | J36: ±6% | K36: 58.05~65.46 | L36: =TEXT(VLOOKUP(A36,氨基酸和溶剂信息!A:J,8,FALSE),"0.00") -> 61.75 | M36: =VLOOKUP(A36,氨基酸和溶剂信息!A:J,10,FALSE) -> 58.05~65.46 | N36: =TEXT(L36,"0.00")=TEXT(I36,"0.00") -> TRUE | O36: =K36=M36 -> TRUE
A37: =IFERROR(SUBSTITUTE(IFERROR(MID(B37,FIND("/",B37,1)+1,LEN(B37)),B37)&LEFT(C37,FIND("/",C37,1)-1)," ",""),"") -> 3.9.6DIC | B37: 3.9.6 | C37: DIC/ | D37: 0.815 | E37: 126.2 | F37: - | G37: - | H37: 2.2 | J37: ±3% | L37: =TEXT(VLOOKUP(A37,氨基酸和溶剂信息!A:J,8,FALSE),"0.00") -> 28.51 | M37: =VLOOKUP(A37,氨基酸和溶剂信息!A:J,10,FALSE) -> 27.65~29.37 | N37: =TEXT(L37,"0.00")=TEXT(I37,"0.00") -> FALSE | O37: =K37=M37 -> FALSE
A38: =IFERROR(SUBSTITUTE(IFERROR(MID(B38,FIND("/",B38,1)+1,LEN(B38)),B38)&LEFT(C38,FIND("/",C38,1)-1)," ",""),"") -> 3.10.2DMF | B38: 3.10.2 | C38: DMF/ | D38: 0.95 | E38: 73.1 | F38: 1 | G38: 0.95 | H38: - | I38: 61.75 | J38: ±6% | K38: 58.05~65.46 | L38: =TEXT(VLOOKUP(A38,氨基酸和溶剂信息!A:J,8,FALSE),"0.00") -> 61.75 | M38: =VLOOKUP(A38,氨基酸和溶剂信息!A:J,10,FALSE) -> 58.05~65.46 | N38: =TEXT(L38,"0.00")=TEXT(I38,"0.00") -> TRUE | O38: =K38=M38 -> TRUE
A39: =IFERROR(SUBSTITUTE(IFERROR(MID(B39,FIND("/",B39,1)+1,LEN(B39)),B39)&LEFT(C39,FIND("/",C39,1)-1)," ",""),"") -> 3.10.6DMF | B39: 3.10.6 | C39: DMF/ | D39: 0.95 | E39: 7310 | F39: 8 | G39: 7.58 | H39: - | I39: 492.7 | J39: ±6% | K39: 463.14~522.26 | L39: =TEXT(VLOOKUP(A39,氨基酸和溶剂信息!A:J,8,FALSE),"0.00") -> 492.70 | M39: =VLOOKUP(A39,氨基酸和溶剂信息!A:J,10,FALSE) -> 463.14~522.26 | N39: =TEXT(L39,"0.00")=TEXT(I39,"0.00") -> TRUE | O39: =K39=M39 -> TRUE
A40: =IFERROR(SUBSTITUTE(IFERROR(MID(B40,FIND("/",B40,1)+1,LEN(B40)),B40)&LEFT(C40,FIND("/",C40,1)-1)," ",""),"") -> 3.11.120%Piperidinesolution | B40: 3.11.1 | C40: 20% Piperidine solution/ | D40: 0.931 | E40: - | F40: 8 | G40: 7.44 | H40: - | I40: 483.6 | J40: ±6% | K40: 454.58~512.62 | L40: =TEXT(VLOOKUP(A40,氨基酸和溶剂信息!A:J,8,FALSE),"0.00") -> 483.60 | M40: =VLOOKUP(A40,氨基酸和溶剂信息!A:J,10,FALSE) -> 454.58~512.62 | N40: =TEXT(L40,"0.00")=TEXT(I40,"0.00") -> TRUE | O40: =K40=M40 -> TRUE
A41: =IFERROR(SUBSTITUTE(IFERROR(MID(B41,FIND("/",B41,1)+1,LEN(B41)),B41)&LEFT(C41,FIND("/",C41,1)-1)," ",""),"") -> 3.11.4IPAc | B41: 3.11.4 | C41: IPAc/ | D41: 0.873 | E41: 102.13 | F41: 8 | G41: 6.98 | H41: - | I41: 453.7 | J41: ±6% | K41: 426.48~480.92 | L41: =TEXT(VLOOKUP(A41,氨基酸和溶剂信息!A:J,8,FALSE),"0.00") -> 453.70 | M41: =VLOOKUP(A41,氨基酸和溶剂信息!A:J,10,FALSE) -> 426.48~480.92 | N41: =TEXT(L41,"0.00")=TEXT(I41,"0.00") -> TRUE | O41: =K41=M41 -> TRUE
A42: =IFERROR(SUBSTITUTE(IFERROR(MID(B42,FIND("/",B42,1)+1,LEN(B42)),B42)&LEFT(C42,FIND("/",C42,1)-1)," ",""),"") -> 3.11.5DMF | B42: 3.11.5 | C42: DMF/ | D42: 0.95 | E42: 73.1 | F42: 8 | G42: 7.58 | H42: - | I42: 492.7 | J42: ±6% | K42: 463.14~522.26 | L42: =TEXT(VLOOKUP(A42,氨基酸和溶剂信息!A:J,8,FALSE),"0.00") -> 492.70 | M42: =VLOOKUP(A42,氨基酸和溶剂信息!A:J,10,FALSE) -> 463.14~522.26 | N42: =TEXT(L42,"0.00")=TEXT(I42,"0.00") -> TRUE | O42: =K42=M42 -> TRUE
A43: =IFERROR(SUBSTITUTE(IFERROR(MID(B43,FIND("/",B43,1)+1,LEN(B43)),B43)&LEFT(C43,FIND("/",C43,1)-1)," ",""),"") -> 3.11.7DMF | B43: 3.11.7 | C43: DMF/ | D43: 0.95 | E43: 73.1 | F43: 8 | G43: 7.58 | H43: - | I43: 492.7 | J43: ±6% | K43: 463.14~522.26 | L43: =TEXT(VLOOKUP(A43,氨基酸和溶剂信息!A:J,8,FALSE),"0.00") -> 492.70 | M43: =VLOOKUP(A43,氨基酸和溶剂信息!A:J,10,FALSE) -> 463.14~522.26 | N43: =TEXT(L43,"0.00")=TEXT(I43,"0.00") -> TRUE | O43: =K43=M43 -> TRUE
A44: =IFERROR(SUBSTITUTE(IFERROR(MID(B44,FIND("/",B44,1)+1,LEN(B44)),B44)&LEFT(C44,FIND("/",C44,1)-1)," ",""),"") -> 3.12.1DMF | B44: 3.12.1 | C44: DMF/ | D44: 0.95 | E44: 73.1 | F44: 6 | G44: 5.69 | H44: - | I44: 369.85 | J44: ±5% | K44: 351.36~388.34 | L44: =TEXT(VLOOKUP(A44,氨基酸和溶剂信息!A:J,8,FALSE),"0.00") -> 369.85 | M44: =VLOOKUP(A44,氨基酸和溶剂信息!A:J,10,FALSE) -> 351.36~388.34 | N44: =TEXT(L44,"0.00")=TEXT(I44,"0.00") -> TRUE | O44: =K44=M44 -> TRUE
A45: =IFERROR(SUBSTITUTE(IFERROR(MID(B45,FIND("/",B45,1)+1,LEN(B45)),B45)&LEFT(C45,FIND("/",C45,1)-1)," ",""),"") -> 3.12.2Fmoc-L-Cys(Trt)-OH | B45: 1.8/3.12.2 | C45: Fmoc-L-Cys(Trt)-OH/ | D45: - | E45: 585.71 | F45: - | H45: 2 | J45: ±3% | L45: =TEXT(VLOOKUP(A45,氨基酸和溶剂信息!A:J,8,FALSE),"0.00") -> 120.30 | M45: =VLOOKUP(A45,氨基酸和溶剂信息!A:J,10,FALSE) -> 116.69~123.91 | N45: =TEXT(L45,"0.00")=TEXT(I45,"0.00") -> FALSE | O45: =K45=M45 -> FALSE
A46: =IFERROR(SUBSTITUTE(IFERROR(MID(B46,FIND("/",B46,1)+1,LEN(B46)),B46)&LEFT(C46,FIND("/",C46,1)-1)," ",""),"") -> 3.12.3OxymaPure | B46: 1.9/3.12.3 | C46: Oxyma Pure/ | D46: - | E46: 142.11 | F46: - | H46: 3 | J46: ±3% | L46: =TEXT(VLOOKUP(A46,氨基酸和溶剂信息!A:J,8,FALSE),"0.00") -> 43.78 | M46: =VLOOKUP(A46,氨基酸和溶剂信息!A:J,10,FALSE) -> 42.47~45.09 | N46: =TEXT(L46,"0.00")=TEXT(I46,"0.00") -> FALSE | O46: =K46=M46 -> FALSE
A47: =IFERROR(SUBSTITUTE(IFERROR(MID(B47,FIND("/",B47,1)+1,LEN(B47)),B47)&LEFT(C47,FIND("/",C47,1)-1)," ",""),"") -> 3.12.4DMF | B47: 3.12.4 | C47: DMF/ | D47: 0.95 | E47: 73.1 | F47: 1 | G47: 0.95 | H47: - | I47: 61.75 | J47: ±6% | K47: 58.05~65.46 | L47: =TEXT(VLOOKUP(A47,氨基酸和溶剂信息!A:J,8,FALSE),"0.00") -> 61.75 | M47: =VLOOKUP(A47,氨基酸和溶剂信息!A:J,10,FALSE) -> 58.05~65.46 | N47: =TEXT(L47,"0.00")=TEXT(I47,"0.00") -> TRUE | O47: =K47=M47 -> TRUE
A48: =IFERROR(SUBSTITUTE(IFERROR(MID(B48,FIND("/",B48,1)+1,LEN(B48)),B48)&LEFT(C48,FIND("/",C48,1)-1)," ",""),"") -> 3.13.2DMF | B48: 3.13.2 | C48: DMF/ | D48: 0.95 | E48: 73.1 | F48: 1 | G48: 0.95 | H48: - | I48: 61.75 | J48: ±6% | K48: 58.05~65.46 | L48: =TEXT(VLOOKUP(A48,氨基酸和溶剂信息!A:J,8,FALSE),"0.00") -> 61.75 | M48: =VLOOKUP(A48,氨基酸和溶剂信息!A:J,10,FALSE) -> 58.05~65.46 | N48: =TEXT(L48,"0.00")=TEXT(I48,"0.00") -> TRUE | O48: =K48=M48 -> TRUE
A49: =IFERROR(SUBSTITUTE(IFERROR(MID(B49,FIND("/",B49,1)+1,LEN(B49)),B49)&LEFT(C49,FIND("/",C49,1)-1)," ",""),"") -> 3.13.3DMF | B49: 3.13.3 | C49: DMF/ | D49: 0.95 | E49: 73.1 | F49: 1 | G49: 0.95 | H49: - | I49: 61.75 | J49: ±6% | K49: 58.05~65.46 | L49: =TEXT(VLOOKUP(A49,氨基酸和溶剂信息!A:J,8,FALSE),"0.00") -> 61.75 | M49: =VLOOKUP(A49,氨基酸和溶剂信息!A:J,10,FALSE) -> 58.05~65.46 | N49: =TEXT(L49,"0.00")=TEXT(I49,"0.00") -> TRUE | O49: =K49=M49 -> TRUE
A50: =IFERROR(SUBSTITUTE(IFERROR(MID(B50,FIND("/",B50,1)+1,LEN(B50)),B50)&LEFT(C50,FIND("/",C50,1)-1)," ",""),"") -> 3.13.3DIC | B50: 3.13.3 | C50: DIC/ | D50: 0.815 | E50: 126.2 | F50: - | G50: - | H50: 3.3 | J50: ±3% | L50: =TEXT(VLOOKUP(A50,氨基酸和溶剂信息!A:J,8,FALSE),"0.00") -> 42.77 | M50: =VLOOKUP(A50,氨基酸和溶剂信息!A:J,10,FALSE) -> 41.49~44.05 | N50: =TEXT(L50,"0.00")=TEXT(I50,"0.00") -> FALSE | O50: =K50=M50 -> FALSE
A51: =IFERROR(SUBSTITUTE(IFERROR(MID(B51,FIND("/",B51,1)+1,LEN(B51)),B51)&LEFT(C51,FIND("/",C51,1)-1)," ",""),"") -> 3.13.10DMF | B51: 3.13.10 | C51: DMF/ | D51: 0.95 | E51: 73.1 | F51: 8 | G51: 7.58 | H51: - | I51: 492.7 | J51: ±6% | K51: 463.14~522.26 | L51: =TEXT(VLOOKUP(A51,氨基酸和溶剂信息!A:J,8,FALSE),"0.00") -> 492.70 | M51: =VLOOKUP(A51,氨基酸和溶剂信息!A:J,10,FALSE) -> 463.14~522.26 | N51: =TEXT(L51,"0.00")=TEXT(I51,"0.00") -> TRUE | O51: =K51=M51 -> TRUE
A52: =IFERROR(SUBSTITUTE(IFERROR(MID(B52,FIND("/",B52,1)+1,LEN(B52)),B52)&LEFT(C52,FIND("/",C52,1)-1)," ",""),"") -> 3.14.120%Piperidinesolution | B52: 3.14.1 | C52: 20% Piperidine solution/ | D52: 0.931 | E52: - | F52: 8 | G52: 7.44 | H52: - | I52: 483.6 | J52: ±6% | K52: 454.58~512.62 | L52: =TEXT(VLOOKUP(A52,氨基酸和溶剂信息!A:J,8,FALSE),"0.00") -> 483.60 | M52: =VLOOKUP(A52,氨基酸和溶剂信息!A:J,10,FALSE) -> 454.58~512.62 | N52: =TEXT(L52,"0.00")=TEXT(I52,"0.00") -> TRUE | O52: =K52=M52 -> TRUE
A53: =IFERROR(SUBSTITUTE(IFERROR(MID(B53,FIND("/",B53,1)+1,LEN(B53)),B53)&LEFT(C53,FIND("/",C53,1)-1)," ",""),"") -> 3.14.4IPAc | B53: 3.14.4 | C53: IPAc/ | D53: 0.873 | E53: 102.13 | F53: 8 | G53: 6.98 | H53: - | I53: 453.7 | J53: ±6% | K53: 426.48~480.92 | L53: =TEXT(VLOOKUP(A53,氨基酸和溶剂信息!A:J,8,FALSE),"0.00") -> 453.70 | M53: =VLOOKUP(A53,氨基酸和溶剂信息!A:J,10,FALSE) -> 426.48~480.92 | N53: =TEXT(L53,"0.00")=TEXT(I53,"0.00") -> TRUE | O53: =K53=M53 -> TRUE
A54: =IFERROR(SUBSTITUTE(IFERROR(MID(B54,FIND("/",B54,1)+1,LEN(B54)),B54)&LEFT(C54,FIND("/",C54,1)-1)," ",""),"") -> 3.14.5DMF | B54: 3.14.5 | C54: DMF/ | D54: 0.95 | E54: 73.1 | F54: 8 | G54: 7.58 | H54: - | I54: 492.7 | J54: ±6% | K54: 463.14~522.26 | L54: =TEXT(VLOOKUP(A54,氨基酸和溶剂信息!A:J,8,FALSE),"0.00") -> 492.70 | M54: =VLOOKUP(A54,氨基酸和溶剂信息!A:J,10,FALSE) -> 463.14~522.26 | N54: =TEXT(L54,"0.00")=TEXT(I54,"0.00") -> TRUE | O54: =K54=M54 -> TRUE
A55: =IFERROR(SUBSTITUTE(IFERROR(MID(B55,FIND("/",B55,1)+1,LEN(B55)),B55)&LEFT(C55,FIND("/",C55,1)-1)," ",""),"") -> 3.14.7DMF | B55: 3.14.7 | C55: DMF/ | D55: 0.95 | E55: 73.1 | F55: 8 | G55: 7.58 | H55: - | I55: 492.7 | J55: ±6% | K55: 463.14~522.26 | L55: =TEXT(VLOOKUP(A55,氨基酸和溶剂信息!A:J,8,FALSE),"0.00") -> 492.70 | M55: =VLOOKUP(A55,氨基酸和溶剂信息!A:J,10,FALSE) -> 463.14~522.26 | N55: =TEXT(L55,"0.00")=TEXT(I55,"0.00") -> TRUE | O55: =K55=M55 -> TRUE
A56: =IFERROR(SUBSTITUTE(IFERROR(MID(B56,FIND("/",B56,1)+1,LEN(B56)),B56)&LEFT(C56,FIND("/",C56,1)-1)," ",""),"") -> 3.15.1DMF | B56: 3.15.1 | C56: DMF/ | D56: 0.95 | E56: 73.1 | F56: 6 | G56: 5.69 | H56: - | I56: 369.85 | J56: ±5% | K56: 351.36~388.34 | L56: =TEXT(VLOOKUP(A56,氨基酸和溶剂信息!A:J,8,FALSE),"0.00") -> 369.85 | M56: =VLOOKUP(A56,氨基酸和溶剂信息!A:J,10,FALSE) -> 351.36~388.34 | N56: =TEXT(L56,"0.00")=TEXT(I56,"0.00") -> TRUE | O56: =K56=M56 -> TRUE
A57: =IFERROR(SUBSTITUTE(IFERROR(MID(B57,FIND("/",B57,1)+1,LEN(B57)),B57)&LEFT(C57,FIND("/",C57,1)-1)," ",""),"") -> 3.15.2Fmoc-L-Thr(tBu)-OH | B57: 1.10/3.15.2 | C57: Fmoc-L-Thr(tBu)-OH/芴甲氧羰基-叔丁基-L-苏氨酸 | D57: - | E57: 397.47 | F57: - | G57: - | H57: 2 | J57: ±3% | L57: =TEXT(VLOOKUP(A57,氨基酸和溶剂信息!A:J,8,FALSE),"0.00") -> 81.64 | M57: =VLOOKUP(A57,氨基酸和溶剂信息!A:J,10,FALSE) -> 79.19~84.09 | N57: =TEXT(L57,"0.00")=TEXT(I57,"0.00") -> FALSE | O57: =K57=M57 -> FALSE
A58: =IFERROR(SUBSTITUTE(IFERROR(MID(B58,FIND("/",B58,1)+1,LEN(B58)),B58)&LEFT(C58,FIND("/",C58,1)-1)," ",""),"") -> 3.15.4OxymaPure | B58: 1.11/3.15.4 | C58: Oxyma Pure/ | D58: - | E58: 142.11 | F58: - | G58: - | H58: 2 | J58: ±3% | L58: =TEXT(VLOOKUP(A58,氨基酸和溶剂信息!A:J,8,FALSE),"0.00") -> 29.19 | M58: =VLOOKUP(A58,氨基酸和溶剂信息!A:J,10,FALSE) -> 28.31~30.07 | N58: =TEXT(L58,"0.00")=TEXT(I58,"0.00") -> FALSE | O58: =K58=M58 -> FALSE
A59: =IFERROR(SUBSTITUTE(IFERROR(MID(B59,FIND("/",B59,1)+1,LEN(B59)),B59)&LEFT(C59,FIND("/",C59,1)-1)," ",""),"") -> 3.15.5DMF | B59: 3.15.5 | C59: DMF/ | D59: 0.95 | E59: 73.1 | F59: 1 | G59: 0.95 | H59: - | I59: 61.75 | J59: ±6% | K59: 58.05~65.46 | L59: =TEXT(VLOOKUP(A59,氨基酸和溶剂信息!A:J,8,FALSE),"0.00") -> 61.75 | M59: =VLOOKUP(A59,氨基酸和溶剂信息!A:J,10,FALSE) -> 58.05~65.46 | N59: =TEXT(L59,"0.00")=TEXT(I59,"0.00") -> TRUE | O59: =K59=M59 -> TRUE
A60: =IFERROR(SUBSTITUTE(IFERROR(MID(B60,FIND("/",B60,1)+1,LEN(B60)),B60)&LEFT(C60,FIND("/",C60,1)-1)," ",""),"") -> 3.15.6DIC | B60: 3.15.6 | C60: DIC/ | D60: 0.815 | E60: 126.2 | F60: - | H60: 2.2 | J60: ±3% | L60: =TEXT(VLOOKUP(A60,氨基酸和溶剂信息!A:J,8,FALSE),"0.00") -> 28.51 | M60: =VLOOKUP(A60,氨基酸和溶剂信息!A:J,10,FALSE) -> 27.65~29.37 | N60: =TEXT(L60,"0.00")=TEXT(I60,"0.00") -> FALSE | O60: =K60=M60 -> FALSE
A61: =IFERROR(SUBSTITUTE(IFERROR(MID(B61,FIND("/",B61,1)+1,LEN(B61)),B61)&LEFT(C61,FIND("/",C61,1)-1)," ",""),"") -> 3.16.2DMF | B61: 3.16.2 | C61: DMF/ | D61: 0.95 | E61: 73.1 | F61: 1 | G61: 0.95 | H61: - | I61: 61.75 | J61: ±6% | K61: 58.05~65.46 | L61: =TEXT(VLOOKUP(A61,氨基酸和溶剂信息!A:J,8,FALSE),"0.00") -> 61.75 | M61: =VLOOKUP(A61,氨基酸和溶剂信息!A:J,10,FALSE) -> 58.05~65.46 | N61: =TEXT(L61,"0.00")=TEXT(I61,"0.00") -> TRUE | O61: =K61=M61 -> TRUE
A62: =IFERROR(SUBSTITUTE(IFERROR(MID(B62,FIND("/",B62,1)+1,LEN(B62)),B62)&LEFT(C62,FIND("/",C62,1)-1)," ",""),"") -> 3.16.6DMF | B62: 3.16.6 | C62: DMF/ | D62: 0.95 | E62: 73.1 | F62: 8 | G62: 7.58 | H62: - | I62: 492.7 | J62: ±6% | K62: 463.14~522.26 | L62: =TEXT(VLOOKUP(A62,氨基酸和溶剂信息!A:J,8,FALSE),"0.00") -> 492.70 | M62: =VLOOKUP(A62,氨基酸和溶剂信息!A:J,10,FALSE) -> 463.14~522.26 | N62: =TEXT(L62,"0.00")=TEXT(I62,"0.00") -> TRUE | O62: =K62=M62 -> TRUE
A63: =IFERROR(SUBSTITUTE(IFERROR(MID(B63,FIND("/",B63,1)+1,LEN(B63)),B63)&LEFT(C63,FIND("/",C63,1)-1)," ",""),"") -> 3.17.120%Piperidinesolution | B63: 3.17.1 | C63: 20% Piperidine solution/ | D63: 0.931 | E63: - | F63: 8 | G63: 7.44 | H63: - | I63: 483.6 | J63: ±6% | K63: 454.58~512.62 | L63: =TEXT(VLOOKUP(A63,氨基酸和溶剂信息!A:J,8,FALSE),"0.00") -> 483.60 | M63: =VLOOKUP(A63,氨基酸和溶剂信息!A:J,10,FALSE) -> 454.58~512.62 | N63: =TEXT(L63,"0.00")=TEXT(I63,"0.00") -> TRUE | O63: =K63=M63 -> TRUE
A64: =IFERROR(SUBSTITUTE(IFERROR(MID(B64,FIND("/",B64,1)+1,LEN(B64)),B64)&LEFT(C64,FIND("/",C64,1)-1)," ",""),"") -> 3.17.4IPAc | B64: 3.17.4 | C64: IPAc/ | D64: 0.873 | E64: 102.13 | F64: 8 | G64: 6.98 | H64: - | I64: 453.7 | J64: ±6% | K64: 426.48~480.92 | L64: =TEXT(VLOOKUP(A64,氨基酸和溶剂信息!A:J,8,FALSE),"0.00") -> 453.70 | M64: =VLOOKUP(A64,氨基酸和溶剂信息!A:J,10,FALSE) -> 426.48~480.92 | N64: =TEXT(L64,"0.00")=TEXT(I64,"0.00") -> TRUE | O64: =K64=M64 -> TRUE
A65: =IFERROR(SUBSTITUTE(IFERROR(MID(B65,FIND("/",B65,1)+1,LEN(B65)),B65)&LEFT(C65,FIND("/",C65,1)-1)," ",""),"") -> 3.17.5DMF | B65: 3.17.5 | C65: DMF/ | D65: 0.95 | E65: 73.1 | F65: 8 | G65: 7.58 | H65: - | I65: 492.7 | J65: ±6% | K65: 463.14~522.26 | L65: =TEXT(VLOOKUP(A65,氨基酸和溶剂信息!A:J,8,FALSE),"0.00") -> 492.70 | M65: =VLOOKUP(A65,氨基酸和溶剂信息!A:J,10,FALSE) -> 463.14~522.26 | N65: =TEXT(L65,"0.00")=TEXT(I65,"0.00") -> TRUE | O65: =K65=M65 -> TRUE
A66: =IFERROR(SUBSTITUTE(IFERROR(MID(B66,FIND("/",B66,1)+1,LEN(B66)),B66)&LEFT(C66,FIND("/",C66,1)-1)," ",""),"") -> 3.17.7DMF | B66: 3.17.7 | C66: DMF/ | D66: 0.95 | E66: 73.1 | F66: 8 | G66: 7.58 | H66: - | I66: 492.7 | J66: ±6% | K66: 463.14~522.26 | L66: =TEXT(VLOOKUP(A66,氨基酸和溶剂信息!A:J,8,FALSE),"0.00") -> 492.70 | M66: =VLOOKUP(A66,氨基酸和溶剂信息!A:J,10,FALSE) -> 463.14~522.26 | N66: =TEXT(L66,"0.00")=TEXT(I66,"0.00") -> TRUE | O66: =K66=M66 -> TRUE
A67: =IFERROR(SUBSTITUTE(IFERROR(MID(B67,FIND("/",B67,1)+1,LEN(B67)),B67)&LEFT(C67,FIND("/",C67,1)-1)," ",""),"") -> 3.18.1DMF | B67: 3.18.1 | C67: DMF/ | D67: 0.95 | E67: 73.1 | F67: 6 | G67: 5.69 | H67: - | I67: 369.85 | J67: ±5% | K67: 351.36~388.34 | L67: =TEXT(VLOOKUP(A67,氨基酸和溶剂信息!A:J,8,FALSE),"0.00") -> 369.85 | M67: =VLOOKUP(A67,氨基酸和溶剂信息!A:J,10,FALSE) -> 351.36~388.34 | N67: =TEXT(L67,"0.00")=TEXT(I67,"0.00") -> TRUE | O67: =K67=M67 -> TRUE
A68: =IFERROR(SUBSTITUTE(IFERROR(MID(B68,FIND("/",B68,1)+1,LEN(B68)),B68)&LEFT(C68,FIND("/",C68,1)-1)," ",""),"") -> 3.18.2Fmoc-L-Ala-OH·H2O | B68: 1.12/3.18.2 | C68: Fmoc-L-Ala-OH·H2O/ | D68: - | E68: 329.35 | F68: - | G68: - | H68: 2 | J68: ±3% | L68: =TEXT(VLOOKUP(A68,氨基酸和溶剂信息!A:J,8,FALSE),"0.00") -> 67.65 | M68: =VLOOKUP(A68,氨基酸和溶剂信息!A:J,10,FALSE) -> 65.62~69.68 | N68: =TEXT(L68,"0.00")=TEXT(I68,"0.00") -> FALSE | O68: =K68=M68 -> FALSE
A69: =IFERROR(SUBSTITUTE(IFERROR(MID(B69,FIND("/",B69,1)+1,LEN(B69)),B69)&LEFT(C69,FIND("/",C69,1)-1)," ",""),"") -> 3.18.4OxymaPure | B69: 1.13/3.18.4 | C69: Oxyma Pure/ | D69: - | E69: 142.11 | F69: - | G69: - | H69: 2 | J69: ±3% | L69: =TEXT(VLOOKUP(A69,氨基酸和溶剂信息!A:J,8,FALSE),"0.00") -> 29.19 | M69: =VLOOKUP(A69,氨基酸和溶剂信息!A:J,10,FALSE) -> 28.31~30.07 | N69: =TEXT(L69,"0.00")=TEXT(I69,"0.00") -> FALSE | O69: =K69=M69 -> FALSE
A70: =IFERROR(SUBSTITUTE(IFERROR(MID(B70,FIND("/",B70,1)+1,LEN(B70)),B70)&LEFT(C70,FIND("/",C70,1)-1)," ",""),"") -> 3.18.5DMF | B70: 3.18.5 | C70: DMF/ | D70: 0.95 | E70: 73.1 | F70: 1 | G70: 0.95 | H70: - | I70: 61.75 | J70: ±6% | K70: 58.05~65.46 | L70: =TEXT(VLOOKUP(A70,氨基酸和溶剂信息!A:J,8,FALSE),"0.00") -> 61.75 | M70: =VLOOKUP(A70,氨基酸和溶剂信息!A:J,10,FALSE) -> 58.05~65.46 | N70: =TEXT(L70,"0.00")=TEXT(I70,"0.00") -> TRUE | O70: =K70=M70 -> TRUE
A71: =IFERROR(SUBSTITUTE(IFERROR(MID(B71,FIND("/",B71,1)+1,LEN(B71)),B71)&LEFT(C71,FIND("/",C71,1)-1)," ",""),"") -> 3.18.6DIC | B71: 3.18.6 | C71: DIC/ | D71: 0.815 | E71: 126.2 | F71: - | G71: - | H71: 2.2 | J71: ±3% | L71: =TEXT(VLOOKUP(A71,氨基酸和溶剂信息!A:J,8,FALSE),"0.00") -> 28.51 | M71: =VLOOKUP(A71,氨基酸和溶剂信息!A:J,10,FALSE) -> 27.65~29.37 | N71: =TEXT(L71,"0.00")=TEXT(I71,"0.00") -> FALSE | O71: =K71=M71 -> FALSE
A72: =IFERROR(SUBSTITUTE(IFERROR(MID(B72,FIND("/",B72,1)+1,LEN(B72)),B72)&LEFT(C72,FIND("/",C72,1)-1)," ",""),"") -> 3.19.2DMF | B72: 3.19.2 | C72: DMF/ | D72: 0.95 | E72: 73.1 | F72: 1 | G72: 0.95 | H72: - | I72: 61.75 | J72: ±6% | K72: 58.05~65.46 | L72: =TEXT(VLOOKUP(A72,氨基酸和溶剂信息!A:J,8,FALSE),"0.00") -> 61.75 | M72: =VLOOKUP(A72,氨基酸和溶剂信息!A:J,10,FALSE) -> 58.05~65.46 | N72: =TEXT(L72,"0.00")=TEXT(I72,"0.00") -> TRUE | O72: =K72=M72 -> TRUE
A73: =IFERROR(SUBSTITUTE(IFERROR(MID(B73,FIND("/",B73,1)+1,LEN(B73)),B73)&LEFT(C73,FIND("/",C73,1)-1)," ",""),"") -> 3.19.6DMF | B73: 3.19.6 | C73: DMF/ | D73: 0.95 | E73: 73.1 | F73: 10 | G73: 9.48 | H73: - | I73: 616.2 | J73: ±6% | K73: 579.23~653.17 | L73: =TEXT(VLOOKUP(A73,氨基酸和溶剂信息!A:J,8,FALSE),"0.00") -> 616.20 | M73: =VLOOKUP(A73,氨基酸和溶剂信息!A:J,10,FALSE) -> 579.23~653.17 | N73: =TEXT(L73,"0.00")=TEXT(I73,"0.00") -> TRUE | O73: =K73=M73 -> TRUE
A74: =IFERROR(SUBSTITUTE(IFERROR(MID(B74,FIND("/",B74,1)+1,LEN(B74)),B74)&LEFT(C74,FIND("/",C74,1)-1)," ",""),"") -> 3.20.120%Piperidinesolution | B74: 3.20.1 | C74: 20% Piperidine solution/ | D74: 0.931 | E74: - | F74: 8 | G74: 7.44 | H74: - | I74: 483.6 | J74: ±6% | K74: 454.58~512.62 | L74: =TEXT(VLOOKUP(A74,氨基酸和溶剂信息!A:J,8,FALSE),"0.00") -> 483.60 | M74: =VLOOKUP(A74,氨基酸和溶剂信息!A:J,10,FALSE) -> 454.58~512.62 | N74: =TEXT(L74,"0.00")=TEXT(I74,"0.00") -> TRUE | O74: =K74=M74 -> TRUE
A75: =IFERROR(SUBSTITUTE(IFERROR(MID(B75,FIND("/",B75,1)+1,LEN(B75)),B75)&LEFT(C75,FIND("/",C75,1)-1)," ",""),"") -> 3.20.4IPAc | B75: 3.20.4 | C75: IPAc/ | D75: 0.873 | E75: 102.13 | F75: 10 | G75: 8.73 | H75: - | I75: 567.45 | J75: ±6% | K75: 533.40~601.50 | L75: =TEXT(VLOOKUP(A75,氨基酸和溶剂信息!A:J,8,FALSE),"0.00") -> 567.45 | M75: =VLOOKUP(A75,氨基酸和溶剂信息!A:J,10,FALSE) -> 533.40~601.50 | N75: =TEXT(L75,"0.00")=TEXT(I75,"0.00") -> TRUE | O75: =K75=M75 -> TRUE
A76: =IFERROR(SUBSTITUTE(IFERROR(MID(B76,FIND("/",B76,1)+1,LEN(B76)),B76)&LEFT(C76,FIND("/",C76,1)-1)," ",""),"") -> 3.20.5DMF | B76: 3.20.5 | C76: DMF/ | D76: 0.95 | E76: 73.1 | F76: 10 | G76: 9.48 | H76: - | I76: 616.2 | J76: ±6% | K76: 579.23~653.17 | L76: =TEXT(VLOOKUP(A76,氨基酸和溶剂信息!A:J,8,FALSE),"0.00") -> 616.20 | M76: =VLOOKUP(A76,氨基酸和溶剂信息!A:J,10,FALSE) -> 579.23~653.17 | N76: =TEXT(L76,"0.00")=TEXT(I76,"0.00") -> TRUE | O76: =K76=M76 -> TRUE
A77: =IFERROR(SUBSTITUTE(IFERROR(MID(B77,FIND("/",B77,1)+1,LEN(B77)),B77)&LEFT(C77,FIND("/",C77,1)-1)," ",""),"") -> 3.20.7DMF | B77: 3.20.7 | C77: DMF/ | D77: 0.95 | E77: 73.1 | F77: 10 | G77: 9.48 | H77: - | I77: 616.2 | J77: ±6% | K77: 579.23~653.17 | L77: =TEXT(VLOOKUP(A77,氨基酸和溶剂信息!A:J,8,FALSE),"0.00") -> 616.20 | M77: =VLOOKUP(A77,氨基酸和溶剂信息!A:J,10,FALSE) -> 579.23~653.17 | N77: =TEXT(L77,"0.00")=TEXT(I77,"0.00") -> TRUE | O77: =K77=M77 -> TRUE
A78: =IFERROR(SUBSTITUTE(IFERROR(MID(B78,FIND("/",B78,1)+1,LEN(B78)),B78)&LEFT(C78,FIND("/",C78,1)-1)," ",""),"") -> 3.21.1DMF | B78: 3.21.1 | C78: DMF/ | D78: 0.95 | E78: 73.1 | F78: 6 | G78: 5.69 | H78: - | I78: 369.85 | J78: ±5% | K78: 351.36~388.34 | L78: =TEXT(VLOOKUP(A78,氨基酸和溶剂信息!A:J,8,FALSE),"0.00") -> 369.85 | M78: =VLOOKUP(A78,氨基酸和溶剂信息!A:J,10,FALSE) -> 351.36~388.34 | N78: =TEXT(L78,"0.00")=TEXT(I78,"0.00") -> TRUE | O78: =K78=M78 -> TRUE
A79: =IFERROR(SUBSTITUTE(IFERROR(MID(B79,FIND("/",B79,1)+1,LEN(B79)),B79)&LEFT(C79,FIND("/",C79,1)-1)," ",""),"") -> 3.21.2Fmoc-L-Thr(tBu)-OH | B79: 1.14/3.21.2 | C79: Fmoc-L-Thr(tBu)-OH/芴甲氧羰基-叔丁基-L-苏氨酸 | D79: - | E79: 397.47 | F79: - | G79: - | H79: 2 | J79: ±3% | L79: =TEXT(VLOOKUP(A79,氨基酸和溶剂信息!A:J,8,FALSE),"0.00") -> 81.64 | M79: =VLOOKUP(A79,氨基酸和溶剂信息!A:J,10,FALSE) -> 79.19~84.09 | N79: =TEXT(L79,"0.00")=TEXT(I79,"0.00") -> FALSE | O79: =K79=M79 -> FALSE
A80: =IFERROR(SUBSTITUTE(IFERROR(MID(B80,FIND("/",B80,1)+1,LEN(B80)),B80)&LEFT(C80,FIND("/",C80,1)-1)," ",""),"") -> 3.21.4OxymaPure | B80: 1.15/3.21.4 | C80: Oxyma Pure/ | D80: - | E80: 142.11 | F80: - | G80: - | H80: 2 | J80: ±3% | L80: =TEXT(VLOOKUP(A80,氨基酸和溶剂信息!A:J,8,FALSE),"0.00") -> 29.19 | M80: =VLOOKUP(A80,氨基酸和溶剂信息!A:J,10,FALSE) -> 28.31~30.07 | N80: =TEXT(L80,"0.00")=TEXT(I80,"0.00") -> FALSE | O80: =K80=M80 -> FALSE
A81: =IFERROR(SUBSTITUTE(IFERROR(MID(B81,FIND("/",B81,1)+1,LEN(B81)),B81)&LEFT(C81,FIND("/",C81,1)-1)," ",""),"") -> 3.21.5DMF | B81: 3.21.5 | C81: DMF/ | D81: 0.95 | E81: 73.1 | F81: 1 | G81: 0.95 | H81: - | I81: 61.75 | J81: ±6% | K81: 58.05~65.46 | L81: =TEXT(VLOOKUP(A81,氨基酸和溶剂信息!A:J,8,FALSE),"0.00") -> 61.75 | M81: =VLOOKUP(A81,氨基酸和溶剂信息!A:J,10,FALSE) -> 58.05~65.46 | N81: =TEXT(L81,"0.00")=TEXT(I81,"0.00") -> TRUE | O81: =K81=M81 -> TRUE
A82: =IFERROR(SUBSTITUTE(IFERROR(MID(B82,FIND("/",B82,1)+1,LEN(B82)),B82)&LEFT(C82,FIND("/",C82,1)-1)," ",""),"") -> 3.21.6DIC | B82: 3.21.6 | C82: DIC/ | D82: 0.815 | E82: 126.2 | F82: - | G82: - | H82: 2.2 | J82: ±3% | L82: =TEXT(VLOOKUP(A82,氨基酸和溶剂信息!A:J,8,FALSE),"0.00") -> 28.51 | M82: =VLOOKUP(A82,氨基酸和溶剂信息!A:J,10,FALSE) -> 27.65~29.37 | N82: =TEXT(L82,"0.00")=TEXT(I82,"0.00") -> FALSE | O82: =K82=M82 -> FALSE
A83: =IFERROR(SUBSTITUTE(IFERROR(MID(B83,FIND("/",B83,1)+1,LEN(B83)),B83)&LEFT(C83,FIND("/",C83,1)-1)," ",""),"") -> 3.22.2DMF | B83: 3.22.2 | C83: DMF/ | D83: 0.95 | E83: 73.1 | F83: 1 | G83: 0.95 | H83: - | I83: 61.75 | J83: ±6% | K83: 58.05~65.46 | L83: =TEXT(VLOOKUP(A83,氨基酸和溶剂信息!A:J,8,FALSE),"0.00") -> 61.75 | M83: =VLOOKUP(A83,氨基酸和溶剂信息!A:J,10,FALSE) -> 58.05~65.46 | N83: =TEXT(L83,"0.00")=TEXT(I83,"0.00") -> TRUE | O83: =K83=M83 -> TRUE
A84: =IFERROR(SUBSTITUTE(IFERROR(MID(B84,FIND("/",B84,1)+1,LEN(B84)),B84)&LEFT(C84,FIND("/",C84,1)-1)," ",""),"") -> 3.22.6DMF | B84: 3.22.6 | C84: DMF/ | D84: 0.95 | E84: 73.1 | F84: 10 | G84: 9.48 | H84: - | I84: 616.2 | J84: ±6% | K84: 579.23~653.17 | L84: =TEXT(VLOOKUP(A84,氨基酸和溶剂信息!A:J,8,FALSE),"0.00") -> 616.20 | M84: =VLOOKUP(A84,氨基酸和溶剂信息!A:J,10,FALSE) -> 579.23~653.17 | N84: =TEXT(L84,"0.00")=TEXT(I84,"0.00") -> TRUE | O84: =K84=M84 -> TRUE
A85: =IFERROR(SUBSTITUTE(IFERROR(MID(B85,FIND("/",B85,1)+1,LEN(B85)),B85)&LEFT(C85,FIND("/",C85,1)-1)," ",""),"") -> 3.23.120%Piperidinesolution | B85: 3.23.1 | C85: 20% Piperidine solution/ | D85: 0.931 | E85: - | F85: 8 | G85: 7.44 | H85: - | I85: 483.6 | J85: ±6% | K85: 454.58~512.62 | L85: =TEXT(VLOOKUP(A85,氨基酸和溶剂信息!A:J,8,FALSE),"0.00") -> 483.60 | M85: =VLOOKUP(A85,氨基酸和溶剂信息!A:J,10,FALSE) -> 454.58~512.62 | N85: =TEXT(L85,"0.00")=TEXT(I85,"0.00") -> TRUE | O85: =K85=M85 -> TRUE
A86: =IFERROR(SUBSTITUTE(IFERROR(MID(B86,FIND("/",B86,1)+1,LEN(B86)),B86)&LEFT(C86,FIND("/",C86,1)-1)," ",""),"") -> 3.23.4IPAc | B86: 3.23.4 | C86: IPAc/ | D86: 0.873 | E86: 102.13 | F86: 10 | G86: 8.73 | H86: - | I86: 567.45 | J86: ±6% | K86: 533.40~601.50 | L86: =TEXT(VLOOKUP(A86,氨基酸和溶剂信息!A:J,8,FALSE),"0.00") -> 567.45 | M86: =VLOOKUP(A86,氨基酸和溶剂信息!A:J,10,FALSE) -> 533.40~601.50 | N86: =TEXT(L86,"0.00")=TEXT(I86,"0.00") -> TRUE | O86: =K86=M86 -> TRUE
A87: =IFERROR(SUBSTITUTE(IFERROR(MID(B87,FIND("/",B87,1)+1,LEN(B87)),B87)&LEFT(C87,FIND("/",C87,1)-1)," ",""),"") -> 3.23.5DMF | B87: 3.23.5 | C87: DMF/ | D87: 0.95 | E87: 73.1 | F87: 10 | G87: 9.48 | H87: - | I87: 616.2 | J87: ±6% | K87: 579.23~653.17 | L87: =TEXT(VLOOKUP(A87,氨基酸和溶剂信息!A:J,8,FALSE),"0.00") -> 616.20 | M87: =VLOOKUP(A87,氨基酸和溶剂信息!A:J,10,FALSE) -> 579.23~653.17 | N87: =TEXT(L87,"0.00")=TEXT(I87,"0.00") -> TRUE | O87: =K87=M87 -> TRUE
A88: =IFERROR(SUBSTITUTE(IFERROR(MID(B88,FIND("/",B88,1)+1,LEN(B88)),B88)&LEFT(C88,FIND("/",C88,1)-1)," ",""),"") -> 3.23.7DMF | B88: 3.23.7 | C88: DMF/ | D88: 0.95 | E88: 73.1 | F88: 10 | G88: 9.48 | H88: - | I88: 616.2 | J88: ±6% | K88: 579.23~653.17 | L88: =TEXT(VLOOKUP(A88,氨基酸和溶剂信息!A:J,8,FALSE),"0.00") -> 616.20 | M88: =VLOOKUP(A88,氨基酸和溶剂信息!A:J,10,FALSE) -> 579.23~653.17 | N88: =TEXT(L88,"0.00")=TEXT(I88,"0.00") -> TRUE | O88: =K88=M88 -> TRUE
A89: =IFERROR(SUBSTITUTE(IFERROR(MID(B89,FIND("/",B89,1)+1,LEN(B89)),B89)&LEFT(C89,FIND("/",C89,1)-1)," ",""),"") -> 3.24.1DMF | B89: 3.24.1 | C89: DMF/ | D89: 0.95 | E89: 73.1 | F89: 6 | G89: 5.69 | H89: - | I89: 369.85 | J89: ±5% | K89: 351.36~388.34 | L89: =TEXT(VLOOKUP(A89,氨基酸和溶剂信息!A:J,8,FALSE),"0.00") -> 369.85 | M89: =VLOOKUP(A89,氨基酸和溶剂信息!A:J,10,FALSE) -> 351.36~388.34 | N89: =TEXT(L89,"0.00")=TEXT(I89,"0.00") -> TRUE | O89: =K89=M89 -> TRUE
A90: =IFERROR(SUBSTITUTE(IFERROR(MID(B90,FIND("/",B90,1)+1,LEN(B90)),B90)&LEFT(C90,FIND("/",C90,1)-1)," ",""),"") -> 3.24.2Fmoc-L-Asn(Trt)-OH | B90: 1.16/3.24.2 | C90: Fmoc-L-Asn(Trt)-OH/Fmoc-N-三苯甲基-L-天冬酰胺 | D90: - | E90: 596.68 | F90: - | G90: - | H90: 2 | J90: ±3% | L90: =TEXT(VLOOKUP(A90,氨基酸和溶剂信息!A:J,8,FALSE),"0.00") -> 122.56 | M90: =VLOOKUP(A90,氨基酸和溶剂信息!A:J,10,FALSE) -> 118.88~126.24 | N90: =TEXT(L90,"0.00")=TEXT(I90,"0.00") -> FALSE | O90: =K90=M90 -> FALSE
A91: =IFERROR(SUBSTITUTE(IFERROR(MID(B91,FIND("/",B91,1)+1,LEN(B91)),B91)&LEFT(C91,FIND("/",C91,1)-1)," ",""),"") -> 3.24.4OxymaPure | B91: 1.17/3.24.4 | C91: Oxyma Pure/ | D91: - | E91: 142.11 | F91: - | G91: - | H91: 2 | J91: ±3% | L91: =TEXT(VLOOKUP(A91,氨基酸和溶剂信息!A:J,8,FALSE),"0.00") -> 29.19 | M91: =VLOOKUP(A91,氨基酸和溶剂信息!A:J,10,FALSE) -> 28.31~30.07 | N91: =TEXT(L91,"0.00")=TEXT(I91,"0.00") -> FALSE | O91: =K91=M91 -> FALSE
A92: =IFERROR(SUBSTITUTE(IFERROR(MID(B92,FIND("/",B92,1)+1,LEN(B92)),B92)&LEFT(C92,FIND("/",C92,1)-1)," ",""),"") -> 3.24.5DMF | B92: 3.24.5 | C92: DMF/ | D92: 0.95 | E92: 73.1 | F92: 1 | G92: 0.95 | H92: - | I92: 61.75 | J92: ±6% | K92: 58.05~65.46 | L92: =TEXT(VLOOKUP(A92,氨基酸和溶剂信息!A:J,8,FALSE),"0.00") -> 61.75 | M92: =VLOOKUP(A92,氨基酸和溶剂信息!A:J,10,FALSE) -> 58.05~65.46 | N92: =TEXT(L92,"0.00")=TEXT(I92,"0.00") -> TRUE | O92: =K92=M92 -> TRUE
A93: =IFERROR(SUBSTITUTE(IFERROR(MID(B93,FIND("/",B93,1)+1,LEN(B93)),B93)&LEFT(C93,FIND("/",C93,1)-1)," ",""),"") -> 3.24.6DIC | B93: 3.24.6 | C93: DIC/ | D93: 0.815 | E93: 126.2 | F93: - | G93: - | H93: 2.2 | J93: ±3% | L93: =TEXT(VLOOKUP(A93,氨基酸和溶剂信息!A:J,8,FALSE),"0.00") -> 28.51 | M93: =VLOOKUP(A93,氨基酸和溶剂信息!A:J,10,FALSE) -> 27.65~29.37 | N93: =TEXT(L93,"0.00")=TEXT(I93,"0.00") -> FALSE | O93: =K93=M93 -> FALSE
A94: =IFERROR(SUBSTITUTE(IFERROR(MID(B94,FIND("/",B94,1)+1,LEN(B94)),B94)&LEFT(C94,FIND("/",C94,1)-1)," ",""),"") -> 3.25.2DMF | B94: 3.25.2 | C94: DMF/ | D94: 0.95 | E94: 73.1 | F94: 1 | G94: 0.95 | H94: - | I94: 61.75 | J94: ±6% | K94: 58.05~65.46 | L94: =TEXT(VLOOKUP(A94,氨基酸和溶剂信息!A:J,8,FALSE),"0.00") -> 61.75 | M94: =VLOOKUP(A94,氨基酸和溶剂信息!A:J,10,FALSE) -> 58.05~65.46 | N94: =TEXT(L94,"0.00")=TEXT(I94,"0.00") -> TRUE | O94: =K94=M94 -> TRUE
A95: =IFERROR(SUBSTITUTE(IFERROR(MID(B95,FIND("/",B95,1)+1,LEN(B95)),B95)&LEFT(C95,FIND("/",C95,1)-1)," ",""),"") -> 3.25.6DMF | B95: 3.25.6 | C95: DMF/ | D95: 0.95 | E95: 73.1 | F95: 10 | G95: 9.48 | H95: - | I95: 616.2 | J95: ±6% | K95: 579.23~653.17 | L95: =TEXT(VLOOKUP(A95,氨基酸和溶剂信息!A:J,8,FALSE),"0.00") -> 616.20 | M95: =VLOOKUP(A95,氨基酸和溶剂信息!A:J,10,FALSE) -> 579.23~653.17 | N95: =TEXT(L95,"0.00")=TEXT(I95,"0.00") -> TRUE | O95: =K95=M95 -> TRUE
A96: =IFERROR(SUBSTITUTE(IFERROR(MID(B96,FIND("/",B96,1)+1,LEN(B96)),B96)&LEFT(C96,FIND("/",C96,1)-1)," ",""),"") -> 3.26.120%Piperidinesolution | B96: 3.26.1 | C96: 20% Piperidine solution/ | D96: 0.931 | E96: - | F96: 8 | G96: 7.44 | H96: - | I96: 483.6 | J96: ±6% | K96: 454.58~512.62 | L96: =TEXT(VLOOKUP(A96,氨基酸和溶剂信息!A:J,8,FALSE),"0.00") -> 483.60 | M96: =VLOOKUP(A96,氨基酸和溶剂信息!A:J,10,FALSE) -> 454.58~512.62 | N96: =TEXT(L96,"0.00")=TEXT(I96,"0.00") -> TRUE | O96: =K96=M96 -> TRUE
A97: =IFERROR(SUBSTITUTE(IFERROR(MID(B97,FIND("/",B97,1)+1,LEN(B97)),B97)&LEFT(C97,FIND("/",C97,1)-1)," ",""),"") -> 3.26.4IPAc | B97: 3.26.4 | C97: IPAc/ | D97: 0.873 | E97: 102.13 | F97: 10 | G97: 8.73 | H97: - | I97: 567.45 | J97: ±6% | K97: 533.40~601.50 | L97: =TEXT(VLOOKUP(A97,氨基酸和溶剂信息!A:J,8,FALSE),"0.00") -> 567.45 | M97: =VLOOKUP(A97,氨基酸和溶剂信息!A:J,10,FALSE) -> 533.40~601.50 | N97: =TEXT(L97,"0.00")=TEXT(I97,"0.00") -> TRUE | O97: =K97=M97 -> TRUE
A98: =IFERROR(SUBSTITUTE(IFERROR(MID(B98,FIND("/",B98,1)+1,LEN(B98)),B98)&LEFT(C98,FIND("/",C98,1)-1)," ",""),"") -> 3.26.5DMF | B98: 3.26.5 | C98: DMF/ | D98: 0.95 | E98: 73.1 | F98: 10 | G98: 9.48 | H98: - | I98: 616.2 | J98: ±6% | K98: 579.23~653.17 | L98: =TEXT(VLOOKUP(A98,氨基酸和溶剂信息!A:J,8,FALSE),"0.00") -> 616.20 | M98: =VLOOKUP(A98,氨基酸和溶剂信息!A:J,10,FALSE) -> 579.23~653.17 | N98: =TEXT(L98,"0.00")=TEXT(I98,"0.00") -> TRUE | O98: =K98=M98 -> TRUE
A99: =IFERROR(SUBSTITUTE(IFERROR(MID(B99,FIND("/",B99,1)+1,LEN(B99)),B99)&LEFT(C99,FIND("/",C99,1)-1)," ",""),"") -> 3.26.7DMF | B99: 3.26.7 | C99: DMF/ | D99: 0.95 | E99: 73.1 | F99: 10 | G99: 9.48 | H99: - | I99: 616.2 | J99: ±6% | K99: 579.23~653.17 | L99: =TEXT(VLOOKUP(A99,氨基酸和溶剂信息!A:J,8,FALSE),"0.00") -> 616.20 | M99: =VLOOKUP(A99,氨基酸和溶剂信息!A:J,10,FALSE) -> 579.23~653.17 | N99: =TEXT(L99,"0.00")=TEXT(I99,"0.00") -> TRUE | O99: =K99=M99 -> TRUE
A100: =IFERROR(SUBSTITUTE(IFERROR(MID(B100,FIND("/",B100,1)+1,LEN(B100)),B100)&LEFT(C100,FIND("/",C100,1)-1)," ",""),"") -> 3.27.1DMF | B100: 3.27.1 | C100: DMF/ | D100: 0.95 | E100: 73.1 | F100: 6 | G100: 5.69 | H100: - | I100: 369.85 | J100: ±5% | K100: 351.36~388.34 | L100: =TEXT(VLOOKUP(A100,氨基酸和溶剂信息!A:J,8,FALSE),"0.00") -> 369.85 | M100: =VLOOKUP(A100,氨基酸和溶剂信息!A:J,10,FALSE) -> 351.36~388.34 | N100: =TEXT(L100,"0.00")=TEXT(I100,"0.00") -> TRUE | O100: =K100=M100 -> TRUE
...
