Workbook
Name MilestoneHandover: '总览'!$C$11
Name MilestoneStart: '总览'!$C$8

Sheet 总览
B2: POA 生物制品项目改造 · 行动项跟踪
B4: 持续总账，不再按会议日期新开主表。模板列习惯保留：提出方 / 内容 / 进展 / 完成 / 负责人。黄色格子为里程碑输入，改这里，下面卡片用公式重算。
B6: 里程碑（方案一，会上：领导要求）
B7: Demo 期 | C7: 46300 | D7: Source: 2026-09-21 部署会。demo 推迟则开工推迟；提前则可能提前 1–2 天拆设备。
B8: 计划开工 | C8: 46310 | D8: Source: 2026-09-21 部署会，方案一。
B9: 建设完成 | C9: 46329 | D9: Source: 2026-09-21 部署会约数。
B10: 验证完成 | C10: 46342 | D10: Source: 2026-09-21 部署会约数。
B11: 交付 | C11: 46344 | D11: Source: 2026-09-21 部署会硬门禁。
B13: 未关闭 | D13: 阻塞 | F13: 今日到期 | H13: 逾期未完成
B14: =COUNTIFS('行动项总账'!I:I,"未开始")+COUNTIFS('行动项总账'!I:I,"进行中")+COUNTIFS('行动项总账'!I:I,"阻塞") | D14: =COUNTIF('行动项总账'!I:I,"阻塞") | F14: =COUNTIFS('行动项总账'!H:H,TODAY(),'行动项总账'!I:I,"<>已完成",'行动项总账'!I:I,"<>取消") | H14: =COUNTIF('行动项总账'!N:N,"逾期")
B17: 按片断未关闭（公式） | F17: 用法（1 分钟）
B18: 片断 | C18: 未关闭 | D18: 阻塞 | F18: 1. 只改「行动项总账」。不要再为每次会新建主表。 2. 进展日志只追加，格式：YYYY-MM-DD：一句话。不要覆盖旧进展。 3. 完成后：状态=已完成，在进展里写证据（文件名 / 版本 / 会议日期）。 4. 用表头筛选看「未开始 / 进行中 / 阻塞」。 5. 截止日期空着时，交通灯为「—」，请尽快补日期。 6. 黄色里程碑可改；卡片和片断统计全部是公式。 7. 三合一对外写 AFD（agitated filter dryer）。 8. 本文件为内部跟踪，不直接发给客户。
B19: 制备配液 | C19: =COUNTIFS('行动项总账'!$D:$D,B19,'行动项总账'!$I:$I,"<>已完成",'行动项总账'!$I:$I,"<>取消",'行动项总账'!$I:$I,"<>") | D19: =COUNTIFS('行动项总账'!$D:$D,B19,'行动项总账'!$I:$I,"阻塞")
B20: 超滤 | C20: =COUNTIFS('行动项总账'!$D:$D,B20,'行动项总账'!$I:$I,"<>已完成",'行动项总账'!$I:$I,"<>取消",'行动项总账'!$I:$I,"<>") | D20: =COUNTIFS('行动项总账'!$D:$D,B20,'行动项总账'!$I:$I,"阻塞")
B21: 沉淀 | C21: =COUNTIFS('行动项总账'!$D:$D,B21,'行动项总账'!$I:$I,"<>已完成",'行动项总账'!$I:$I,"<>取消",'行动项总账'!$I:$I,"<>") | D21: =COUNTIFS('行动项总账'!$D:$D,B21,'行动项总账'!$I:$I,"阻塞")
B22: 采购到货 | C22: =COUNTIFS('行动项总账'!$D:$D,B22,'行动项总账'!$I:$I,"<>已完成",'行动项总账'!$I:$I,"<>取消",'行动项总账'!$I:$I,"<>") | D22: =COUNTIFS('行动项总账'!$D:$D,B22,'行动项总账'!$I:$I,"阻塞")
B23: 设计方案 | C23: =COUNTIFS('行动项总账'!$D:$D,B23,'行动项总账'!$I:$I,"<>已完成",'行动项总账'!$I:$I,"<>取消",'行动项总账'!$I:$I,"<>") | D23: =COUNTIFS('行动项总账'!$D:$D,B23,'行动项总账'!$I:$I,"阻塞")
B24: QA质量 | C24: =COUNTIFS('行动项总账'!$D:$D,B24,'行动项总账'!$I:$I,"<>已完成",'行动项总账'!$I:$I,"<>取消",'行动项总账'!$I:$I,"<>") | D24: =COUNTIFS('行动项总账'!$D:$D,B24,'行动项总账'!$I:$I,"阻塞")
B25: 客户沟通 | C25: =COUNTIFS('行动项总账'!$D:$D,B25,'行动项总账'!$I:$I,"<>已完成",'行动项总账'!$I:$I,"<>取消",'行动项总账'!$I:$I,"<>") | D25: =COUNTIFS('行动项总账'!$D:$D,B25,'行动项总账'!$I:$I,"阻塞")
B26: 综合协调 | C26: =COUNTIFS('行动项总账'!$D:$D,B26,'行动项总账'!$I:$I,"<>已完成",'行动项总账'!$I:$I,"<>取消",'行动项总账'!$I:$I,"<>") | D26: =COUNTIFS('行动项总账'!$D:$D,B26,'行动项总账'!$I:$I,"阻塞")
B28: 最近会议：2026-09-21 部署会。人员以张俊峰会前分工为准。纪要 Word：meetings/2026/2026-09-21-BLA改造沟通会会议纪要-修订.docx。项目 139788。

Sheet 行动项总账
A1: POA 生物制品项目改造 · 行动项总账（持续）
A3: 筛选「状态 / 片断 / 负责人」。进展只追加。交通灯=公式（对比截止日期与 TODAY）。ID 不换号。黄色状态/日期可改。
A4: ID | B4: 提出日 Raised | C4: 提出方 Originator | D4: 片断 / 专业 Workstream | E4: 行动项 Action | F4: 验收标准 Done means | G4: 负责人 Owner | H4: 截止日期 Due | I4: 状态 Status | J4: 优先级 Priority | K4: 进展日志（只追加） Progress log | L4: 更新日 Updated | M4: 来源会议 Source | N4: 交通灯 Traffic
A5: A-20260921-01 | B5: 46286 | C5: 张俊峰 | D5: 设计方案 | E5: 打印改造事项清单；与东富龙技术员逐管路、逐设备过制备配液和超滤，缺项补进同一清单。 | F5: 清单已查漏补缺，可与下午沉淀对表合并。 | G5: 王志恒 | H5: 46286 | I5: 未开始 | J5: 高 | K5: 2026-09-21：总指挥会前指定。皮轶杰跟制备，张冬跟超滤，郭泽鹏随队。 | L5: 46286 | M5: 2026-09-21 部署会 | N5: =IF(OR(I5="已完成",I5="取消"),"—",IF(H5="",IF(I5="阻塞","逾期","—"),IF(H5<TODAY(),"逾期",IF(H5=TODAY(),"今日到期","按期"))))
A6: A-20260921-02 | B6: 46286 | C6: 张俊峰 | D6: 制备配液 | E6: 负责制备配液和制备工序整改；今日跟王志恒、东富龙走现场并跟踪本片段。 | F6: 本片段事项有人跟，缺项已记入王志恒清单。 | G6: 皮轶杰 | H6: 46286 | I6: 未开始 | J6: 高 | K6: 2026-09-21：总指挥会前指定。不是「李主任」对接厂家。 | L6: 46286 | M6: 2026-09-21 部署会 | N6: =IF(OR(I6="已完成",I6="取消"),"—",IF(H6="",IF(I6="阻塞","逾期","—"),IF(H6<TODAY(),"逾期",IF(H6=TODAY(),"今日到期","按期"))))
A7: A-20260921-03 | B7: 46286 | C7: 张俊峰 | D7: 超滤 | E7: 负责超滤工序整改；今日跟王志恒、东富龙走现场并记录缺项。 | F7: 超滤缺项已记入同一清单。 | G7: 张冬 | H7: 46286 | I7: 未开始 | J7: 高 | K7: 2026-09-21：总指挥会前指定。姓名为张冬，不是张东。 | L7: 46286 | M7: 2026-09-21 部署会 | N7: =IF(OR(I7="已完成",I7="取消"),"—",IF(H7="",IF(I7="阻塞","逾期","—"),IF(H7<TODAY(),"逾期",IF(H7=TODAY(),"今日到期","按期"))))
A8: A-20260921-04 | B8: 46286 | C8: 张俊峰 | D8: 沉淀 | E8: 负责沉淀工序整改；13:00 跟王志恒、亚光过沉淀区域。 | F8: 沉淀缺项已记入同一清单。 | G8: 韩瑞衡 | H8: 46286 | I8: 未开始 | J8: 高 | K8: 2026-09-21：总指挥会前指定。姓名为韩瑞衡。 | L8: 46286 | M8: 2026-09-21 部署会 | N8: =IF(OR(I8="已完成",I8="取消"),"—",IF(H8="",IF(I8="阻塞","逾期","—"),IF(H8<TODAY(),"逾期",IF(H8=TODAY(),"今日到期","按期"))))
A9: A-20260921-05 | B9: 46286 | C9: 张俊峰 | D9: 客户沟通 | E9: 梳理客户来访全部问题，核三个片段涉及整改的内容是否都举一反三、都有整改要求。 | F9: 三个片段的覆盖与缺口写得清楚。 | G9: 范兴涛 | H9: 46286 | I9: 未开始 | J9: 高 | K9: 2026-09-21：总指挥会前指定。不是「松涛」。 | L9: 46286 | M9: 2026-09-21 部署会 | N9: =IF(OR(I9="已完成",I9="取消"),"—",IF(H9="",IF(I9="阻塞","逾期","—"),IF(H9<TODAY(),"逾期",IF(H9=TODAY(),"今日到期","按期"))))
A10: A-20260921-06 | B10: 46286 | C10: 张俊峰 | D10: 制备配液 | E10: 对接东富龙，下午交出利旧与推倒重建两套方案的时间/事项对比。 | F10: 两套方案可对比。 | G10: 王志恒 | H10: 46286 | I10: 未开始 | J10: 高 | K10: 2026-09-21：会上要求厂家出两套方案。 | L10: 46286 | M10: 2026-09-21 部署会 | N10: =IF(OR(I10="已完成",I10="取消"),"—",IF(H10="",IF(I10="阻塞","逾期","—"),IF(H10<TODAY(),"逾期",IF(H10=TODAY(),"今日到期","按期"))))
A11: A-20260921-07 | B11: 46286 | C11: 张俊峰 | D11: 沉淀 | E11: 13:00 与亚光技术员梳理沉淀区域整改项，更新同一份改造清单。 | F11: 沉淀项已并入清单。 | G11: 王志恒 | H11: 46286 | I11: 未开始 | J11: 高 | K11: 2026-09-21：总指挥会前指定。不是全员内部会。韩瑞衡现场跟。 | L11: 46286 | M11: 2026-09-21 部署会 | N11: =IF(OR(I11="已完成",I11="取消"),"—",IF(H11="",IF(I11="阻塞","逾期","—"),IF(H11<TODAY(),"逾期",IF(H11=TODAY(),"今日到期","按期"))))
A12: A-20260921-08 | B12: 46286 | C12: 张俊峰 | D12: 设计方案 | E12: 汉邦到场后梳理事项并出方案，次日早上评审。 | F12: 方案可上会。 | G12: 王志恒 | H12: 46287 | I12: 未开始 | J12: 中 | K12: 2026-09-21：转写提到下午汉邦到场。对接人若另有指定再改。 | L12: 46286 | M12: 2026-09-21 部署会 | N12: =IF(OR(I12="已完成",I12="取消"),"—",IF(H12="",IF(I12="阻塞","逾期","—"),IF(H12<TODAY(),"逾期",IF(H12=TODAY(),"今日到期","按期"))))
A13: A-20260921-09 | B13: 46286 | C13: 张俊峰 | D13: 设计方案 | E13: 三片段厂家方案与原方案合并为一套改造方案。 | F13: 合并方案一版。 | G13: 王志恒 | H13: 46287 | I13: 未开始 | J13: 高 | K13: 2026-09-21：IEPE 由王志恒、张国睿整体负责。 | L13: 46286 | M13: 2026-09-21 部署会 | N13: =IF(OR(I13="已完成",I13="取消"),"—",IF(H13="",IF(I13="阻塞","逾期","—"),IF(H13<TODAY(),"逾期",IF(H13=TODAY(),"今日到期","按期"))))
A14: A-20260921-10 | B14: 46286 | C14: 张俊峰 | D14: 制备配液 | E14: 配液利旧还是推倒，方案列出后报领导。 | F14: 对比表 + 汇报口径。未选出之前不得写成已定。 | G14: 张俊峰 | I14: 未开始 | J14: 高 | K14: 2026-09-21：会上明确未决。 | L14: 46286 | M14: 2026-09-21 部署会 | N14: =IF(OR(I14="已完成",I14="取消"),"—",IF(H14="",IF(I14="阻塞","逾期","—"),IF(H14<TODAY(),"逾期",IF(H14=TODAY(),"今日到期","按期"))))
A15: A-20260921-11 | B15: 46286 | C15: 张俊峰 | D15: 采购到货 | E15: 交出 139788 项目采购总台账，三类写清：已下单采买、询价中、尚未采购。 | F15: 总台账可按三类点名到物料。 | G15: 宋金柱 | H15: 46286 | I15: 未开始 | J15: 高 | K15: 2026-09-21：总指挥指定宋金柱跟采购同事今天出总账。工程亦由宋金柱整体负责。 | L15: 46286 | M15: 2026-09-21 部署会 | N15: =IF(OR(I15="已完成",I15="取消"),"—",IF(H15="",IF(I15="阻塞","逾期","—"),IF(H15<TODAY(),"逾期",IF(H15=TODAY(),"今日到期","按期"))))
A16: A-20260921-12 | B16: 46286 | C16: 张俊峰 | D16: 采购到货 | E16: 冯毅、田子才每日在群里上报采购与到货进展。 | F16: 群里每日有进展，不空报。 | G16: 冯毅 | H16: 46286 | I16: 进行中 | J16: 中 | K16: 2026-09-21：总指挥指定冯毅、田子才后续每日上报，不是冯毅+宋金柱双主责日报。 | L16: 46286 | M16: 2026-09-21 部署会 | N16: =IF(OR(I16="已完成",I16="取消"),"—",IF(H16="",IF(I16="阻塞","逾期","—"),IF(H16<TODAY(),"逾期",IF(H16=TODAY(),"今日到期","按期"))))
A17: A-20260921-13 | B17: 46286 | C17: 张俊峰 | D17: 综合协调 | E17: 湿氮气擦净、消毒、中午前转移至 AFD（三合一）后侧。 | F17: 13:00 客户进车间前就位。 | G17: 郭泽鹏 | H17: 46286 | I17: 未开始 | J17: 高 | K17: 2026-09-21：郭泽鹏运到门口；宋金柱安排拆卸转移。郭泽鹏 50% 精力在整改，今日跟王志恒和厂家走现场。 | L17: 46286 | M17: 2026-09-21 部署会 | N17: =IF(OR(I17="已完成",I17="取消"),"—",IF(H17="",IF(I17="阻塞","逾期","—"),IF(H17<TODAY(),"逾期",IF(H17=TODAY(),"今日到期","按期"))))
A18: A-20260921-14 | B18: 46286 | C18: 张俊峰 | D18: 综合协调 | E18: 到岗后与于总确认工作分工及下一步执行计划。 | F18: 分工与计划已对接总指挥侧。 | G18: 刘维江 | H18: 46288 | I18: 未开始 | J18: 中 | K18: 2026-09-21：会中明确后天到岗。QA 等 DH 支持后再交底。 | L18: 46286 | M18: 2026-09-21 部署会 | N18: =IF(OR(I18="已完成",I18="取消"),"—",IF(H18="",IF(I18="阻塞","逾期","—"),IF(H18<TODAY(),"逾期",IF(H18=TODAY(),"今日到期","按期"))))
A19: A-20260921-15 | B19: 46286 | C19: 刘美佳 | D19: 制备配液 | E19: 向腾信压缩 D 区现有搅拌罐改口工期；达不成则把完不成节点报到中午沟通会。 | F19: 新工期，或正式报出的冲突节点。 | G19: 刘美佳 | H19: 46286 | I19: 阻塞 | J19: 高 | K19: 2026-09-21：约 5 台、工期 20 天，与 11/18 冲突。资源不够找郭宏杰。初稿误写诚信、徐瑞。 | L19: 46286 | M19: 2026-09-21 部署会 | N19: =IF(OR(I19="已完成",I19="取消"),"—",IF(H19="",IF(I19="阻塞","逾期","—"),IF(H19<TODAY(),"逾期",IF(H19=TODAY(),"今日到期","按期"))))
A20: A-20260921-16 | B20: 46286 | C20: 张俊峰 | D20: 采购到货 | E20: 总台账先出既有项，再补客户新加项和厂家新识别项。 | F20: 新旧项可区分。 | G20: 宋金柱 | H20: 46286 | I20: 未开始 | J20: 高 | K20: 2026-09-21：与 A-11 联动。 | L20: 46286 | M20: 2026-09-21 部署会 | N20: =IF(OR(I20="已完成",I20="取消"),"—",IF(H20="",IF(I20="阻塞","逾期","—"),IF(H20<TODAY(),"逾期",IF(H20=TODAY(),"今日到期","按期"))))
A21: A-20260921-17 | B21: 46286 | C21: 张俊峰 | D21: 综合协调 | E21: 每日 19:00 改造沟通会（可线上）；周一早晨约 30 分钟同步。 | F21: 会议召开，当日行动有进展。 | G21: 张俊峰 | H21: 46286 | I21: 进行中 | J21: 中 | K21: 2026-09-21：总指挥要求全员参加。初稿写「德鹏组织」未再核实，主责记总指挥。 | L21: 46286 | M21: 2026-09-21 部署会 | N21: =IF(OR(I21="已完成",I21="取消"),"—",IF(H21="",IF(I21="阻塞","逾期","—"),IF(H21<TODAY(),"逾期",IF(H21=TODAY(),"今日到期","按期"))))
A22: A-20260921-18 | B22: 46286 | C22: 张俊峰 | D22: 综合协调 | E22: 郭泽鹏 50% 精力投入整改，今日跟王志恒和厂家完成车间勘察跟踪。 | F22: 现场有跟，不代替王志恒出清单。 | G22: 郭泽鹏 | H22: 46286 | I22: 未开始 | J22: 中 | K22: 2026-09-21：总指挥明确是配合和学习，不是三个片段总协调。 | L22: 46286 | M22: 2026-09-21 部署会 | N22: =IF(OR(I22="已完成",I22="取消"),"—",IF(H22="",IF(I22="阻塞","逾期","—"),IF(H22<TODAY(),"逾期",IF(H22=TODAY(),"今日到期","按期"))))
A23: A-20260921-19 | B23: 46286 | C23: 张俊峰 | D23: 设计方案 | E23: 10 月中下旬前完成设计并报客户敲定，避免边改边设计。 | F23: 客户确认方案。 | G23: 王志恒 | H23: 46315 | I23: 未开始 | J23: 高 | K23: 2026-09-21：IEPE 王志恒、张国睿整体负责。截止日期 10/20 为纪要推断，待核实。 | L23: 46286 | M23: 2026-09-21 部署会 | N23: =IF(OR(I23="已完成",I23="取消"),"—",IF(H23="",IF(I23="阻塞","逾期","—"),IF(H23<TODAY(),"逾期",IF(H23=TODAY(),"今日到期","按期"))))
N24: =IF(OR(I24="",I24="已完成",I24="取消"),IF(I24="","","—"),IF(H24="",IF(I24="阻塞","逾期","—"),IF(H24<TODAY(),"逾期",IF(H24=TODAY(),"今日到期","按期"))))
N25: =IF(OR(I25="",I25="已完成",I25="取消"),IF(I25="","","—"),IF(H25="",IF(I25="阻塞","逾期","—"),IF(H25<TODAY(),"逾期",IF(H25=TODAY(),"今日到期","按期"))))
N26: =IF(OR(I26="",I26="已完成",I26="取消"),IF(I26="","","—"),IF(H26="",IF(I26="阻塞","逾期","—"),IF(H26<TODAY(),"逾期",IF(H26=TODAY(),"今日到期","按期"))))
N27: =IF(OR(I27="",I27="已完成",I27="取消"),IF(I27="","","—"),IF(H27="",IF(I27="阻塞","逾期","—"),IF(H27<TODAY(),"逾期",IF(H27=TODAY(),"今日到期","按期"))))
N28: =IF(OR(I28="",I28="已完成",I28="取消"),IF(I28="","","—"),IF(H28="",IF(I28="阻塞","逾期","—"),IF(H28<TODAY(),"逾期",IF(H28=TODAY(),"今日到期","按期"))))
N29: =IF(OR(I29="",I29="已完成",I29="取消"),IF(I29="","","—"),IF(H29="",IF(I29="阻塞","逾期","—"),IF(H29<TODAY(),"逾期",IF(H29=TODAY(),"今日到期","按期"))))
N30: =IF(OR(I30="",I30="已完成",I30="取消"),IF(I30="","","—"),IF(H30="",IF(I30="阻塞","逾期","—"),IF(H30<TODAY(),"逾期",IF(H30=TODAY(),"今日到期","按期"))))
N31: =IF(OR(I31="",I31="已完成",I31="取消"),IF(I31="","","—"),IF(H31="",IF(I31="阻塞","逾期","—"),IF(H31<TODAY(),"逾期",IF(H31=TODAY(),"今日到期","按期"))))
N32: =IF(OR(I32="",I32="已完成",I32="取消"),IF(I32="","","—"),IF(H32="",IF(I32="阻塞","逾期","—"),IF(H32<TODAY(),"逾期",IF(H32=TODAY(),"今日到期","按期"))))
N33: =IF(OR(I33="",I33="已完成",I33="取消"),IF(I33="","","—"),IF(H33="",IF(I33="阻塞","逾期","—"),IF(H33<TODAY(),"逾期",IF(H33=TODAY(),"今日到期","按期"))))
N34: =IF(OR(I34="",I34="已完成",I34="取消"),IF(I34="","","—"),IF(H34="",IF(I34="阻塞","逾期","—"),IF(H34<TODAY(),"逾期",IF(H34=TODAY(),"今日到期","按期"))))
N35: =IF(OR(I35="",I35="已完成",I35="取消"),IF(I35="","","—"),IF(H35="",IF(I35="阻塞","逾期","—"),IF(H35<TODAY(),"逾期",IF(H35=TODAY(),"今日到期","按期"))))
... N38: =IF(OR(I38="",I38="已完成",I38="取消"),IF(I38="","","—"),IF(H38="",IF(I38="阻塞","逾期","—"),IF(H38<TODAY(),"逾期",IF(H38=TODAY(),"今日到期","按期"))))

Sheet 20260921
A1: 2026-09-21 部署会快照（模板列）· 主跟踪请回「行动项总账」
A3: 日期 Date | B3: 议题提出方 Issue Originator | C3: 会议主题内容 Meeting Theme and Content | D3: 进展 Progress | E3: 是否完成 Completed or not | F3: 负责人 Person in charge | G3: 对应总账 ID Register ID
A4: 46286 | B4: 张俊峰 | C4: 打印改造事项清单；与东富龙技术员逐管路、逐设备过制备配液和超滤，缺项补进同一清单。 | D4: =IFERROR(INDEX('行动项总账'!$K:$K,MATCH(G4,'行动项总账'!$A:$A,0)),"") | E4: =IFERROR(IF(INDEX('行动项总账'!$I:$I,MATCH(G4,'行动项总账'!$A:$A,0))="已完成","YES",IF(INDEX('行动项总账'!$I:$I,MATCH(G4,'行动项总账'!$A:$A,0))="阻塞","BLOCKED","NO")),"NO") | F4: =IFERROR(INDEX('行动项总账'!$G:$G,MATCH(G4,'行动项总账'!$A:$A,0)),"王志恒") | G4: A-20260921-01
A5: 46286 | B5: 张俊峰 | C5: 负责制备配液和制备工序整改；今日跟王志恒、东富龙走现场并跟踪本片段。 | D5: =IFERROR(INDEX('行动项总账'!$K:$K,MATCH(G5,'行动项总账'!$A:$A,0)),"") | E5: =IFERROR(IF(INDEX('行动项总账'!$I:$I,MATCH(G5,'行动项总账'!$A:$A,0))="已完成","YES",IF(INDEX('行动项总账'!$I:$I,MATCH(G5,'行动项总账'!$A:$A,0))="阻塞","BLOCKED","NO")),"NO") | F5: =IFERROR(INDEX('行动项总账'!$G:$G,MATCH(G5,'行动项总账'!$A:$A,0)),"皮轶杰") | G5: A-20260921-02
A6: 46286 | B6: 张俊峰 | C6: 负责超滤工序整改；今日跟王志恒、东富龙走现场并记录缺项。 | D6: =IFERROR(INDEX('行动项总账'!$K:$K,MATCH(G6,'行动项总账'!$A:$A,0)),"") | E6: =IFERROR(IF(INDEX('行动项总账'!$I:$I,MATCH(G6,'行动项总账'!$A:$A,0))="已完成","YES",IF(INDEX('行动项总账'!$I:$I,MATCH(G6,'行动项总账'!$A:$A,0))="阻塞","BLOCKED","NO")),"NO") | F6: =IFERROR(INDEX('行动项总账'!$G:$G,MATCH(G6,'行动项总账'!$A:$A,0)),"张冬") | G6: A-20260921-03
A7: 46286 | B7: 张俊峰 | C7: 负责沉淀工序整改；13:00 跟王志恒、亚光过沉淀区域。 | D7: =IFERROR(INDEX('行动项总账'!$K:$K,MATCH(G7,'行动项总账'!$A:$A,0)),"") | E7: =IFERROR(IF(INDEX('行动项总账'!$I:$I,MATCH(G7,'行动项总账'!$A:$A,0))="已完成","YES",IF(INDEX('行动项总账'!$I:$I,MATCH(G7,'行动项总账'!$A:$A,0))="阻塞","BLOCKED","NO")),"NO") | F7: =IFERROR(INDEX('行动项总账'!$G:$G,MATCH(G7,'行动项总账'!$A:$A,0)),"韩瑞衡") | G7: A-20260921-04
A8: 46286 | B8: 张俊峰 | C8: 梳理客户来访全部问题，核三个片段涉及整改的内容是否都举一反三、都有整改要求。 | D8: =IFERROR(INDEX('行动项总账'!$K:$K,MATCH(G8,'行动项总账'!$A:$A,0)),"") | E8: =IFERROR(IF(INDEX('行动项总账'!$I:$I,MATCH(G8,'行动项总账'!$A:$A,0))="已完成","YES",IF(INDEX('行动项总账'!$I:$I,MATCH(G8,'行动项总账'!$A:$A,0))="阻塞","BLOCKED","NO")),"NO") | F8: =IFERROR(INDEX('行动项总账'!$G:$G,MATCH(G8,'行动项总账'!$A:$A,0)),"范兴涛") | G8: A-20260921-05
A9: 46286 | B9: 张俊峰 | C9: 对接东富龙，下午交出利旧与推倒重建两套方案的时间/事项对比。 | D9: =IFERROR(INDEX('行动项总账'!$K:$K,MATCH(G9,'行动项总账'!$A:$A,0)),"") | E9: =IFERROR(IF(INDEX('行动项总账'!$I:$I,MATCH(G9,'行动项总账'!$A:$A,0))="已完成","YES",IF(INDEX('行动项总账'!$I:$I,MATCH(G9,'行动项总账'!$A:$A,0))="阻塞","BLOCKED","NO")),"NO") | F9: =IFERROR(INDEX('行动项总账'!$G:$G,MATCH(G9,'行动项总账'!$A:$A,0)),"王志恒") | G9: A-20260921-06
A10: 46286 | B10: 张俊峰 | C10: 13:00 与亚光技术员梳理沉淀区域整改项，更新同一份改造清单。 | D10: =IFERROR(INDEX('行动项总账'!$K:$K,MATCH(G10,'行动项总账'!$A:$A,0)),"") | E10: =IFERROR(IF(INDEX('行动项总账'!$I:$I,MATCH(G10,'行动项总账'!$A:$A,0))="已完成","YES",IF(INDEX('行动项总账'!$I:$I,MATCH(G10,'行动项总账'!$A:$A,0))="阻塞","BLOCKED","NO")),"NO") | F10: =IFERROR(INDEX('行动项总账'!$G:$G,MATCH(G10,'行动项总账'!$A:$A,0)),"王志恒") | G10: A-20260921-07
A11: 46286 | B11: 张俊峰 | C11: 汉邦到场后梳理事项并出方案，次日早上评审。 | D11: =IFERROR(INDEX('行动项总账'!$K:$K,MATCH(G11,'行动项总账'!$A:$A,0)),"") | E11: =IFERROR(IF(INDEX('行动项总账'!$I:$I,MATCH(G11,'行动项总账'!$A:$A,0))="已完成","YES",IF(INDEX('行动项总账'!$I:$I,MATCH(G11,'行动项总账'!$A:$A,0))="阻塞","BLOCKED","NO")),"NO") | F11: =IFERROR(INDEX('行动项总账'!$G:$G,MATCH(G11,'行动项总账'!$A:$A,0)),"王志恒") | G11: A-20260921-08
A12: 46286 | B12: 张俊峰 | C12: 三片段厂家方案与原方案合并为一套改造方案。 | D12: =IFERROR(INDEX('行动项总账'!$K:$K,MATCH(G12,'行动项总账'!$A:$A,0)),"") | E12: =IFERROR(IF(INDEX('行动项总账'!$I:$I,MATCH(G12,'行动项总账'!$A:$A,0))="已完成","YES",IF(INDEX('行动项总账'!$I:$I,MATCH(G12,'行动项总账'!$A:$A,0))="阻塞","BLOCKED","NO")),"NO") | F12: =IFERROR(INDEX('行动项总账'!$G:$G,MATCH(G12,'行动项总账'!$A:$A,0)),"王志恒") | G12: A-20260921-09
A13: 46286 | B13: 张俊峰 | C13: 配液利旧还是推倒，方案列出后报领导。 | D13: =IFERROR(INDEX('行动项总账'!$K:$K,MATCH(G13,'行动项总账'!$A:$A,0)),"") | E13: =IFERROR(IF(INDEX('行动项总账'!$I:$I,MATCH(G13,'行动项总账'!$A:$A,0))="已完成","YES",IF(INDEX('行动项总账'!$I:$I,MATCH(G13,'行动项总账'!$A:$A,0))="阻塞","BLOCKED","NO")),"NO") | F13: =IFERROR(INDEX('行动项总账'!$G:$G,MATCH(G13,'行动项总账'!$A:$A,0)),"张俊峰") | G13: A-20260921-10
A14: 46286 | B14: 张俊峰 | C14: 交出 139788 项目采购总台账，三类写清：已下单采买、询价中、尚未采购。 | D14: =IFERROR(INDEX('行动项总账'!$K:$K,MATCH(G14,'行动项总账'!$A:$A,0)),"") | E14: =IFERROR(IF(INDEX('行动项总账'!$I:$I,MATCH(G14,'行动项总账'!$A:$A,0))="已完成","YES",IF(INDEX('行动项总账'!$I:$I,MATCH(G14,'行动项总账'!$A:$A,0))="阻塞","BLOCKED","NO")),"NO") | F14: =IFERROR(INDEX('行动项总账'!$G:$G,MATCH(G14,'行动项总账'!$A:$A,0)),"宋金柱") | G14: A-20260921-11
A15: 46286 | B15: 张俊峰 | C15: 冯毅、田子才每日在群里上报采购与到货进展。 | D15: =IFERROR(INDEX('行动项总账'!$K:$K,MATCH(G15,'行动项总账'!$A:$A,0)),"") | E15: =IFERROR(IF(INDEX('行动项总账'!$I:$I,MATCH(G15,'行动项总账'!$A:$A,0))="已完成","YES",IF(INDEX('行动项总账'!$I:$I,MATCH(G15,'行动项总账'!$A:$A,0))="阻塞","BLOCKED","NO")),"NO") | F15: =IFERROR(INDEX('行动项总账'!$G:$G,MATCH(G15,'行动项总账'!$A:$A,0)),"冯毅") | G15: A-20260921-12
A16: 46286 | B16: 张俊峰 | C16: 湿氮气擦净、消毒、中午前转移至 AFD（三合一）后侧。 | D16: =IFERROR(INDEX('行动项总账'!$K:$K,MATCH(G16,'行动项总账'!$A:$A,0)),"") | E16: =IFERROR(IF(INDEX('行动项总账'!$I:$I,MATCH(G16,'行动项总账'!$A:$A,0))="已完成","YES",IF(INDEX('行动项总账'!$I:$I,MATCH(G16,'行动项总账'!$A:$A,0))="阻塞","BLOCKED","NO")),"NO") | F16: =IFERROR(INDEX('行动项总账'!$G:$G,MATCH(G16,'行动项总账'!$A:$A,0)),"郭泽鹏") | G16: A-20260921-13
A17: 46286 | B17: 张俊峰 | C17: 到岗后与于总确认工作分工及下一步执行计划。 | D17: =IFERROR(INDEX('行动项总账'!$K:$K,MATCH(G17,'行动项总账'!$A:$A,0)),"") | E17: =IFERROR(IF(INDEX('行动项总账'!$I:$I,MATCH(G17,'行动项总账'!$A:$A,0))="已完成","YES",IF(INDEX('行动项总账'!$I:$I,MATCH(G17,'行动项总账'!$A:$A,0))="阻塞","BLOCKED","NO")),"NO") | F17: =IFERROR(INDEX('行动项总账'!$G:$G,MATCH(G17,'行动项总账'!$A:$A,0)),"刘维江") | G17: A-20260921-14
A18: 46286 | B18: 刘美佳 | C18: 向腾信压缩 D 区现有搅拌罐改口工期；达不成则把完不成节点报到中午沟通会。 | D18: =IFERROR(INDEX('行动项总账'!$K:$K,MATCH(G18,'行动项总账'!$A:$A,0)),"") | E18: =IFERROR(IF(INDEX('行动项总账'!$I:$I,MATCH(G18,'行动项总账'!$A:$A,0))="已完成","YES",IF(INDEX('行动项总账'!$I:$I,MATCH(G18,'行动项总账'!$A:$A,0))="阻塞","BLOCKED","NO")),"NO") | F18: =IFERROR(INDEX('行动项总账'!$G:$G,MATCH(G18,'行动项总账'!$A:$A,0)),"刘美佳") | G18: A-20260921-15
A19: 46286 | B19: 张俊峰 | C19: 总台账先出既有项，再补客户新加项和厂家新识别项。 | D19: =IFERROR(INDEX('行动项总账'!$K:$K,MATCH(G19,'行动项总账'!$A:$A,0)),"") | E19: =IFERROR(IF(INDEX('行动项总账'!$I:$I,MATCH(G19,'行动项总账'!$A:$A,0))="已完成","YES",IF(INDEX('行动项总账'!$I:$I,MATCH(G19,'行动项总账'!$A:$A,0))="阻塞","BLOCKED","NO")),"NO") | F19: =IFERROR(INDEX('行动项总账'!$G:$G,MATCH(G19,'行动项总账'!$A:$A,0)),"宋金柱") | G19: A-20260921-16
A20: 46286 | B20: 张俊峰 | C20: 每日 19:00 改造沟通会（可线上）；周一早晨约 30 分钟同步。 | D20: =IFERROR(INDEX('行动项总账'!$K:$K,MATCH(G20,'行动项总账'!$A:$A,0)),"") | E20: =IFERROR(IF(INDEX('行动项总账'!$I:$I,MATCH(G20,'行动项总账'!$A:$A,0))="已完成","YES",IF(INDEX('行动项总账'!$I:$I,MATCH(G20,'行动项总账'!$A:$A,0))="阻塞","BLOCKED","NO")),"NO") | F20: =IFERROR(INDEX('行动项总账'!$G:$G,MATCH(G20,'行动项总账'!$A:$A,0)),"张俊峰") | G20: A-20260921-17
A21: 46286 | B21: 张俊峰 | C21: 郭泽鹏 50% 精力投入整改，今日跟王志恒和厂家完成车间勘察跟踪。 | D21: =IFERROR(INDEX('行动项总账'!$K:$K,MATCH(G21,'行动项总账'!$A:$A,0)),"") | E21: =IFERROR(IF(INDEX('行动项总账'!$I:$I,MATCH(G21,'行动项总账'!$A:$A,0))="已完成","YES",IF(INDEX('行动项总账'!$I:$I,MATCH(G21,'行动项总账'!$A:$A,0))="阻塞","BLOCKED","NO")),"NO") | F21: =IFERROR(INDEX('行动项总账'!$G:$G,MATCH(G21,'行动项总账'!$A:$A,0)),"郭泽鹏") | G21: A-20260921-18
A22: 46286 | B22: 张俊峰 | C22: 10 月中下旬前完成设计并报客户敲定，避免边改边设计。 | D22: =IFERROR(INDEX('行动项总账'!$K:$K,MATCH(G22,'行动项总账'!$A:$A,0)),"") | E22: =IFERROR(IF(INDEX('行动项总账'!$I:$I,MATCH(G22,'行动项总账'!$A:$A,0))="已完成","YES",IF(INDEX('行动项总账'!$I:$I,MATCH(G22,'行动项总账'!$A:$A,0))="阻塞","BLOCKED","NO")),"NO") | F22: =IFERROR(INDEX('行动项总账'!$G:$G,MATCH(G22,'行动项总账'!$A:$A,0)),"王志恒") | G22: A-20260921-19

Sheet 使用说明
B2: 与另一项目「行动项跟踪-0921-0928.xlsx」的对照
B4: 原模板 | C4: 本文件
B5: 每个会议日期一张主表（0915、0907…） | C5: 一张「行动项总账」跨会跟踪，日期表只作快照
B6: 是否完成 = YES/空 | C6: 状态五档 + 交通灯公式，能看出逾期
B7: 进展中英混写、越写越长 | C7: 中文为主；只追加带日期的一行
B8: 无 ID，难引用 | C8: A-YYYYMMDD-xx，纪要与 Excel 同一编号
B9: 无片断 / 截止日期 / 优先级 | C9: 补齐片断、到期日、优先级、验收标准
B10: 无总览 | C10: 总览卡片和片断统计全部用公式
B11: 适合客户双语周会 | C11: 本项目先做内部执行账；对外稿另出
B13: 每周更新建议：会后 2 小时内改总账（状态、截止日期、进展）。不要复制整行到新 sheet。关闭项留在表里，用筛选看未关闭。术语：三合一 = AFD（agitated filter dryer）。
